"DATA_OSS";"ENTE_SEGN";"FENEC";"LOC_SPORT";"VALORE";"STATUS"
"2025-12-31";"1100010";"30990011";"ITC41";"28";""
"2025-12-31";"1100010";"30990011";"ITC4";"37";""
"2025-12-31";"1100010";"30990011";"IT";"32";""
"2024-12-31";"1100010";"30990011";"IT";"33";""
"2024-12-31";"1100010";"30990011";"ITC4";"38";""
"2024-12-31";"1100010";"30990011";"ITC41";"29";""
"2023-12-31";"1100010";"30990011";"ITC4";"39";""
"2023-12-31";"1100010";"30990011";"IT";"34";""
"2023-12-31";"1100010";"30990011";"ITC41";"29";""
"2022-12-31";"1100010";"30990011";"IT";"36";""
"2022-12-31";"1100010";"30990011";"ITC41";"31";""
"2022-12-31";"1100010";"30990011";"ITC4";"41";""
"2021-12-31";"1100010";"30990011";"IT";"37";""
"2021-12-31";"1100010";"30990011";"ITC4";"43";""
"2021-12-31";"1100010";"30990011";"ITC41";"32";""
"2020-12-31";"1100010";"30990011";"IT";"39";""
"2020-12-31";"1100010";"30990011";"ITC41";"36";""
"2020-12-31";"1100010";"30990011";"ITC4";"47";""
"2019-12-31";"1100010";"30990011";"ITC4";"48";""
"2019-12-31";"1100010";"30990011";"ITC41";"37";""
"2019-12-31";"1100010";"30990011";"IT";"41";""
"2018-12-31";"1100010";"30990011";"ITC41";"39";""
"2018-12-31";"1100010";"30990011";"IT";"42";""
"2018-12-31";"1100010";"30990011";"ITC4";"50";""
"2017-12-31";"1100010";"30990011";"ITC41";"43";""
"2017-12-31";"1100010";"30990011";"IT";"45";""
"2017-12-31";"1100010";"30990011";"ITC4";"54";""
"2016-12-31";"1100010";"30990011";"ITC4";"58";""
"2016-12-31";"1100010";"30990011";"ITC41";"45";""
"2016-12-31";"1100010";"30990011";"IT";"48";""
"2015-12-31";"1100010";"30990011";"ITC4";"60";""
"2015-12-31";"1100010";"30990011";"IT";"50";""
"2015-12-31";"1100010";"30990011";"ITC41";"48";""
