"CLASSE_NUMAFF";"DATA_OSS";"ENTE_SEGN";"FENEC";"SEDELEG_SOGG";"SET_CTP";"VALORE";"STATUS"
"310";"2026-03-31";"1100010";"55100172";"ITC41";"SBI42";"64,62";""
"1101";"2026-03-31";"1100010";"55100041";"IT";"SBI42";"344843";""
"1101";"2026-03-31";"1100010";"55100041";"ITC41";"SBI42";"4407";""
"301";"2026-03-31";"1100010";"55100172";"ITC41";"SBI42";"27,22";""
"320";"2026-03-31";"1100010";"55100172";"ITC4";"SBI42";"83,45";""
"302";"2026-03-31";"1100010";"55100172";"ITC4";"SBI42";"46,61";""
"320";"2026-03-31";"1100010";"55100172";"IT";"SBI42";"81,82";""
"310";"2026-03-31";"1100010";"55100172";"IT";"SBI42";"70,41";""
"301";"2026-03-31";"1100010";"55100172";"IT";"SBI42";"36,12";""
"301";"2026-03-31";"1100010";"55100172";"ITC4";"SBI42";"35,92";""
"1101";"2026-03-31";"1100010";"55100033";"ITC41";"SBI42";"166";""
"1101";"2026-03-31";"1100010";"55100033";"IT";"SBI42";"15007";""
"1101";"2026-03-31";"1100010";"55100033";"ITC4";"SBI42";"2948";""
"302";"2026-03-31";"1100010";"55100172";"IT";"SBI42";"45,78";""
"310";"2026-03-31";"1100010";"55100172";"ITC4";"SBI42";"72,38";""
"320";"2026-03-31";"1100010";"55100172";"ITC41";"SBI42";"79,11";""
"1101";"2026-03-31";"1100010";"55100041";"ITC4";"SBI42";"51277";""
"302";"2026-03-31";"1100010";"55100172";"ITC41";"SBI42";"37,56";""
"1101";"2025-12-31";"1100010";"55100041";"IT";"SBI42";"331156";""
"301";"2025-12-31";"1100010";"55100172";"IT";"SBI42";"35,12";""
"320";"2025-12-31";"1100010";"55100172";"IT";"SBI42";"81,09";""
"1101";"2025-12-31";"1100010";"55100033";"ITC41";"SBI42";"168";""
"310";"2025-12-31";"1100010";"55100172";"ITC4";"SBI42";"71,42";""
"1101";"2025-12-31";"1100010";"55100033";"IT";"SBI42";"15210";""
"301";"2025-12-31";"1100010";"55100172";"ITC4";"SBI42";"34,86";""
"301";"2025-12-31";"1100010";"55100172";"ITC41";"SBI42";"25,21";""
"310";"2025-12-31";"1100010";"55100172";"IT";"SBI42";"69,5";""
"320";"2025-12-31";"1100010";"55100172";"ITC41";"SBI42";"78,25";""
"1101";"2025-12-31";"1100010";"55100033";"ITC4";"SBI42";"2969";""
"302";"2025-12-31";"1100010";"55100172";"ITC4";"SBI42";"45,49";""
"302";"2025-12-31";"1100010";"55100172";"IT";"SBI42";"44,79";""
"310";"2025-12-31";"1100010";"55100172";"ITC41";"SBI42";"63,83";""
"302";"2025-12-31";"1100010";"55100172";"ITC41";"SBI42";"36,05";""
"1101";"2025-12-31";"1100010";"55100041";"ITC41";"SBI42";"4222";""
"320";"2025-12-31";"1100010";"55100172";"ITC4";"SBI42";"82,62";""
"1101";"2025-12-31";"1100010";"55100041";"ITC4";"SBI42";"49515";""
"301";"2025-09-30";"1100010";"55100172";"IT";"SBI42";"37,81";""
"301";"2025-09-30";"1100010";"55100172";"ITC4";"SBI42";"37,81";""
"310";"2025-09-30";"1100010";"55100172";"ITC4";"SBI42";"74,4";""
"1101";"2025-09-30";"1100010";"55100033";"IT";"SBI42";"16260";""
"320";"2025-09-30";"1100010";"55100172";"IT";"SBI42";"83,72";""
"1101";"2025-09-30";"1100010";"55100041";"ITC4";"SBI42";"61795";""
"302";"2025-09-30";"1100010";"55100172";"ITC41";"SBI42";"39,99";""
"302";"2025-09-30";"1100010";"55100172";"IT";"SBI42";"47,68";""
"1101";"2025-09-30";"1100010";"55100033";"ITC4";"SBI42";"3147";""
"302";"2025-09-30";"1100010";"55100172";"ITC4";"SBI42";"48,8";""
"301";"2025-09-30";"1100010";"55100172";"ITC41";"SBI42";"30,3";""
"1101";"2025-09-30";"1100010";"55100041";"ITC41";"SBI42";"5369";""
"1101";"2025-09-30";"1100010";"55100033";"ITC41";"SBI42";"187";""
"310";"2025-09-30";"1100010";"55100172";"ITC41";"SBI42";"68,31";""
"320";"2025-09-30";"1100010";"55100172";"ITC41";"SBI42";"81,99";""
"1101";"2025-09-30";"1100010";"55100041";"IT";"SBI42";"421330";""
"320";"2025-09-30";"1100010";"55100172";"ITC4";"SBI42";"85,39";""
"310";"2025-09-30";"1100010";"55100172";"IT";"SBI42";"72,58";""
"1101";"2025-06-30";"1100010";"55100033";"IT";"SBI42";"16699";""
"1101";"2025-06-30";"1100010";"55100041";"IT";"SBI42";"425638";""
"302";"2025-06-30";"1100010";"55100172";"IT";"SBI42";"47,78";""
"1101";"2025-06-30";"1100010";"55100033";"ITC41";"SBI42";"226";""
"301";"2025-06-30";"1100010";"55100172";"IT";"SBI42";"37,94";""
"310";"2025-06-30";"1100010";"55100172";"IT";"SBI42";"72,58";""
"1101";"2025-06-30";"1100010";"55100033";"ITC4";"SBI42";"3192";""
"320";"2025-06-30";"1100010";"55100172";"ITC4";"SBI42";"85,27";""
"320";"2025-06-30";"1100010";"55100172";"IT";"SBI42";"83,69";""
"320";"2025-06-30";"1100010";"55100172";"ITC41";"SBI42";"84,22";""
"310";"2025-06-30";"1100010";"55100172";"ITC4";"SBI42";"74,33";""
"301";"2025-06-30";"1100010";"55100172";"ITC4";"SBI42";"38,18";""
"302";"2025-06-30";"1100010";"55100172";"ITC4";"SBI42";"49,07";""
"302";"2025-06-30";"1100010";"55100172";"ITC41";"SBI42";"49,82";""
"310";"2025-06-30";"1100010";"55100172";"ITC41";"SBI42";"72,63";""
"1101";"2025-06-30";"1100010";"55100041";"ITC41";"SBI42";"5435";""
"301";"2025-06-30";"1100010";"55100172";"ITC41";"SBI42";"41,66";""
"1101";"2025-06-30";"1100010";"55100041";"ITC4";"SBI42";"62271";""
"310";"2025-03-31";"1100010";"55100172";"ITC4";"SBI42";"74,48";""
"302";"2025-03-31";"1100010";"55100172";"ITC4";"SBI42";"49,64";""
"320";"2025-03-31";"1100010";"55100172";"IT";"SBI42";"83,59";""
"1101";"2025-03-31";"1100010";"55100033";"ITC41";"SBI42";"217";""
"310";"2025-03-31";"1100010";"55100172";"ITC41";"SBI42";"71,94";""
"302";"2025-03-31";"1100010";"55100172";"IT";"SBI42";"47,72";""
"1101";"2025-03-31";"1100010";"55100041";"ITC4";"SBI42";"60367";""
"301";"2025-03-31";"1100010";"55100172";"IT";"SBI42";"37,93";""
"320";"2025-03-31";"1100010";"55100172";"ITC4";"SBI42";"85,37";""
"320";"2025-03-31";"1100010";"55100172";"ITC41";"SBI42";"83,71";""
"1101";"2025-03-31";"1100010";"55100033";"ITC4";"SBI42";"3171";""
"302";"2025-03-31";"1100010";"55100172";"ITC41";"SBI42";"49,13";""
"310";"2025-03-31";"1100010";"55100172";"IT";"SBI42";"72,43";""
"1101";"2025-03-31";"1100010";"55100041";"ITC41";"SBI42";"5187";""
"301";"2025-03-31";"1100010";"55100172";"ITC4";"SBI42";"39";""
"1101";"2025-03-31";"1100010";"55100033";"IT";"SBI42";"16591";""
"301";"2025-03-31";"1100010";"55100172";"ITC41";"SBI42";"41";""
"1101";"2025-03-31";"1100010";"55100041";"IT";"SBI42";"412803";""
"320";"2024-12-31";"1100010";"55100172";"ITC4";"SBI42";"85,08";""
"1101";"2024-12-31";"1100010";"55100041";"IT";"SBI42";"416811";""
"301";"2024-12-31";"1100010";"55100172";"ITC41";"SBI42";"38,76";""
"302";"2024-12-31";"1100010";"55100172";"IT";"SBI42";"47,73";""
"1101";"2024-12-31";"1100010";"55100033";"ITC41";"SBI42";"219";""
"320";"2024-12-31";"1100010";"55100172";"ITC41";"SBI42";"82,77";""
"320";"2024-12-31";"1100010";"55100172";"IT";"SBI42";"83,3";""
"301";"2024-12-31";"1100010";"55100172";"IT";"SBI42";"37,83";""
"1101";"2024-12-31";"1100010";"55100041";"ITC4";"SBI42";"61208";""
"1101";"2024-12-31";"1100010";"55100033";"ITC4";"SBI42";"3254";""
"1101";"2024-12-31";"1100010";"55100041";"ITC41";"SBI42";"5268";""
"301";"2024-12-31";"1100010";"55100172";"ITC4";"SBI42";"38,36";""
"310";"2024-12-31";"1100010";"55100172";"ITC4";"SBI42";"74,24";""
"310";"2024-12-31";"1100010";"55100172";"ITC41";"SBI42";"70,68";""
"302";"2024-12-31";"1100010";"55100172";"ITC41";"SBI42";"47,13";""
"310";"2024-12-31";"1100010";"55100172";"IT";"SBI42";"72,31";""
"1101";"2024-12-31";"1100010";"55100033";"IT";"SBI42";"17034";""
"302";"2024-12-31";"1100010";"55100172";"ITC4";"SBI42";"49,16";""
"310";"2024-09-30";"1100010";"55100172";"IT";"SBI42";"70,73";""
"301";"2024-09-30";"1100010";"55100172";"ITC4";"SBI42";"40,42";""
"320";"2024-09-30";"1100010";"55100172";"ITC41";"SBI42";"77,64";""
"320";"2024-09-30";"1100010";"55100172";"ITC4";"SBI42";"84,42";""
"302";"2024-09-30";"1100010";"55100172";"ITC41";"SBI42";"35,39";""
"1101";"2024-09-30";"1100010";"55100033";"ITC41";"SBI42";"206";""
"320";"2024-09-30";"1100010";"55100172";"IT";"SBI42";"82,04";""
"302";"2024-09-30";"1100010";"55100172";"ITC4";"SBI42";"50,4";""
"301";"2024-09-30";"1100010";"55100172";"ITC41";"SBI42";"25,84";""
"302";"2024-09-30";"1100010";"55100172";"IT";"SBI42";"46,55";""
"1101";"2024-09-30";"1100010";"55100041";"IT";"SBI42";"427867";""
"1101";"2024-09-30";"1100010";"55100033";"ITC4";"SBI42";"3766";""
"301";"2024-09-30";"1100010";"55100172";"IT";"SBI42";"36,95";""
"1101";"2024-09-30";"1100010";"55100041";"ITC4";"SBI42";"62459";""
"1101";"2024-09-30";"1100010";"55100041";"ITC41";"SBI42";"5450";""
"310";"2024-09-30";"1100010";"55100172";"ITC4";"SBI42";"73,84";""
"310";"2024-09-30";"1100010";"55100172";"ITC41";"SBI42";"62,65";""
"1101";"2024-09-30";"1100010";"55100033";"IT";"SBI42";"19006";""
"1101";"2024-06-30";"1100010";"55100041";"IT";"SBI42";"414727";""
"320";"2024-06-30";"1100010";"55100172";"IT";"SBI42";"81,85";""
"301";"2024-06-30";"1100010";"55100172";"IT";"SBI42";"36,97";""
"1101";"2024-06-30";"1100010";"55100033";"ITC41";"SBI42";"198";""
"301";"2024-06-30";"1100010";"55100172";"ITC41";"SBI42";"24,94";""
"310";"2024-06-30";"1100010";"55100172";"ITC4";"SBI42";"74,1";""
"310";"2024-06-30";"1100010";"55100172";"ITC41";"SBI42";"61,62";""
"320";"2024-06-30";"1100010";"55100172";"ITC4";"SBI42";"84,49";""
"1101";"2024-06-30";"1100010";"55100041";"ITC41";"SBI42";"5244";""
"320";"2024-06-30";"1100010";"55100172";"ITC41";"SBI42";"77,02";""
"1101";"2024-06-30";"1100010";"55100033";"ITC4";"SBI42";"3817";""
"302";"2024-06-30";"1100010";"55100172";"ITC4";"SBI42";"51,26";""
"302";"2024-06-30";"1100010";"55100172";"ITC41";"SBI42";"34,47";""
"1101";"2024-06-30";"1100010";"55100041";"ITC4";"SBI42";"60453";""
"310";"2024-06-30";"1100010";"55100172";"IT";"SBI42";"70,38";""
"301";"2024-06-30";"1100010";"55100172";"ITC4";"SBI42";"41,59";""
"302";"2024-06-30";"1100010";"55100172";"IT";"SBI42";"46,42";""
"1101";"2024-06-30";"1100010";"55100033";"IT";"SBI42";"18972";""
"320";"2024-03-31";"1100010";"55100172";"ITC41";"SBI42";"78,09";""
"320";"2024-03-31";"1100010";"55100172";"IT";"SBI42";"82,55";""
"1101";"2024-03-31";"1100010";"55100041";"IT";"SBI42";"401348";""
"1101";"2024-03-31";"1100010";"55100041";"ITC4";"SBI42";"57643";""
"1101";"2024-03-31";"1100010";"55100033";"ITC41";"SBI42";"194";""
"310";"2024-03-31";"1100010";"55100172";"ITC4";"SBI42";"74,5";""
"1101";"2024-03-31";"1100010";"55100041";"ITC41";"SBI42";"4959";""
"310";"2024-03-31";"1100010";"55100172";"IT";"SBI42";"71,22";""
"302";"2024-03-31";"1100010";"55100172";"IT";"SBI42";"47,38";""
"301";"2024-03-31";"1100010";"55100172";"ITC4";"SBI42";"41,96";""
"301";"2024-03-31";"1100010";"55100172";"ITC41";"SBI42";"26,91";""
"310";"2024-03-31";"1100010";"55100172";"ITC41";"SBI42";"63,21";""
"1101";"2024-03-31";"1100010";"55100033";"IT";"SBI42";"18884";""
"302";"2024-03-31";"1100010";"55100172";"ITC41";"SBI42";"37,07";""
"301";"2024-03-31";"1100010";"55100172";"IT";"SBI42";"37,89";""
"320";"2024-03-31";"1100010";"55100172";"ITC4";"SBI42";"84,84";""
"302";"2024-03-31";"1100010";"55100172";"ITC4";"SBI42";"51,62";""
"1101";"2024-03-31";"1100010";"55100033";"ITC4";"SBI42";"3742";""
"302";"2023-12-31";"1100010";"55100172";"ITC41";"SBI42";"35,41";""
"320";"2023-12-31";"1100010";"55100172";"ITC41";"SBI42";"77,29";""
"301";"2023-12-31";"1100010";"55100172";"ITC41";"SBI42";"25,03";""
"310";"2023-12-31";"1100010";"55100172";"IT";"SBI42";"69,77";""
"1101";"2023-12-31";"1100010";"55100033";"ITC4";"SBI42";"3683";""
"302";"2023-12-31";"1100010";"55100172";"ITC4";"SBI42";"47,22";""
"1101";"2023-12-31";"1100010";"55100041";"ITC41";"SBI42";"4709";""
"301";"2023-12-31";"1100010";"55100172";"ITC4";"SBI42";"37,43";""
"1101";"2023-12-31";"1100010";"55100041";"IT";"SBI42";"381129";""
"1101";"2023-12-31";"1100010";"55100041";"ITC4";"SBI42";"54837";""
"310";"2023-12-31";"1100010";"55100172";"ITC4";"SBI42";"71,09";""
"1101";"2023-12-31";"1100010";"55100033";"ITC41";"SBI42";"206";""
"1101";"2023-12-31";"1100010";"55100033";"IT";"SBI42";"19166";""
"320";"2023-12-31";"1100010";"55100172";"ITC4";"SBI42";"83,02";""
"320";"2023-12-31";"1100010";"55100172";"IT";"SBI42";"82,05";""
"302";"2023-12-31";"1100010";"55100172";"IT";"SBI42";"45,02";""
"301";"2023-12-31";"1100010";"55100172";"IT";"SBI42";"35,74";""
"310";"2023-12-31";"1100010";"55100172";"ITC41";"SBI42";"61,45";""
"302";"2023-09-30";"1100010";"55100172";"ITC4";"SBI42";"45,44";""
"1101";"2023-09-30";"1100010";"55100033";"ITC41";"SBI42";"258";""
"320";"2023-09-30";"1100010";"55100172";"ITC41";"SBI42";"76,04";""
"310";"2023-09-30";"1100010";"55100172";"IT";"SBI42";"68,25";""
"320";"2023-09-30";"1100010";"55100172";"ITC4";"SBI42";"80,8";""
"302";"2023-09-30";"1100010";"55100172";"ITC41";"SBI42";"36,29";""
"310";"2023-09-30";"1100010";"55100172";"ITC4";"SBI42";"68,75";""
"1101";"2023-09-30";"1100010";"55100033";"IT";"SBI42";"21596";""
"310";"2023-09-30";"1100010";"55100172";"ITC41";"SBI42";"60,8";""
"1101";"2023-09-30";"1100010";"55100033";"ITC4";"SBI42";"4288";""
"301";"2023-09-30";"1100010";"55100172";"IT";"SBI42";"34,65";""
"1101";"2023-09-30";"1100010";"55100041";"ITC4";"SBI42";"62616";""
"301";"2023-09-30";"1100010";"55100172";"ITC41";"SBI42";"26,78";""
"302";"2023-09-30";"1100010";"55100172";"IT";"SBI42";"43,88";""
"1101";"2023-09-30";"1100010";"55100041";"IT";"SBI42";"423205";""
"320";"2023-09-30";"1100010";"55100172";"IT";"SBI42";"80,9";""
"1101";"2023-09-30";"1100010";"55100041";"ITC41";"SBI42";"5358";""
"301";"2023-09-30";"1100010";"55100172";"ITC4";"SBI42";"35,81";""
"1101";"2023-06-30";"1100010";"55100041";"ITC4";"SBI42";"60442";""
"301";"2023-06-30";"1100010";"55100172";"ITC41";"SBI42";"27,24";""
"1101";"2023-06-30";"1100010";"55100033";"ITC4";"SBI42";"4220";""
"302";"2023-06-30";"1100010";"55100172";"IT";"SBI42";"42,98";""
"320";"2023-06-30";"1100010";"55100172";"ITC4";"SBI42";"80,03";""
"320";"2023-06-30";"1100010";"55100172";"IT";"SBI42";"80,37";""
"302";"2023-06-30";"1100010";"55100172";"ITC4";"SBI42";"44,51";""
"1101";"2023-06-30";"1100010";"55100041";"IT";"SBI42";"409286";""
"301";"2023-06-30";"1100010";"55100172";"IT";"SBI42";"33,82";""
"1101";"2023-06-30";"1100010";"55100033";"ITC41";"SBI42";"252";""
"301";"2023-06-30";"1100010";"55100172";"ITC4";"SBI42";"34,9";""
"320";"2023-06-30";"1100010";"55100172";"ITC41";"SBI42";"75,87";""
"310";"2023-06-30";"1100010";"55100172";"ITC41";"SBI42";"60,42";""
"1101";"2023-06-30";"1100010";"55100033";"IT";"SBI42";"21728";""
"1101";"2023-06-30";"1100010";"55100041";"ITC41";"SBI42";"5110";""
"302";"2023-06-30";"1100010";"55100172";"ITC41";"SBI42";"36,26";""
"310";"2023-06-30";"1100010";"55100172";"IT";"SBI42";"67,34";""
"310";"2023-06-30";"1100010";"55100172";"ITC4";"SBI42";"67,72";""
"320";"2023-03-31";"1100010";"55100172";"ITC41";"SBI42";"75,24";""
"310";"2023-03-31";"1100010";"55100172";"IT";"SBI42";"67,19";""
"302";"2023-03-31";"1100010";"55100172";"ITC4";"SBI42";"45,28";""
"310";"2023-03-31";"1100010";"55100172";"ITC4";"SBI42";"67,95";""
"302";"2023-03-31";"1100010";"55100172";"ITC41";"SBI42";"36,19";""
"1101";"2023-03-31";"1100010";"55100033";"ITC41";"SBI42";"251";""
"302";"2023-03-31";"1100010";"55100172";"IT";"SBI42";"42,95";""
"1101";"2023-03-31";"1100010";"55100033";"ITC4";"SBI42";"4294";""
"1101";"2023-03-31";"1100010";"55100041";"ITC41";"SBI42";"5036";""
"310";"2023-03-31";"1100010";"55100172";"ITC41";"SBI42";"59,81";""
"301";"2023-03-31";"1100010";"55100172";"IT";"SBI42";"33,93";""
"301";"2023-03-31";"1100010";"55100172";"ITC41";"SBI42";"27,5";""
"1101";"2023-03-31";"1100010";"55100033";"IT";"SBI42";"21986";""
"320";"2023-03-31";"1100010";"55100172";"IT";"SBI42";"80,18";""
"1101";"2023-03-31";"1100010";"55100041";"ITC4";"SBI42";"59618";""
"320";"2023-03-31";"1100010";"55100172";"ITC4";"SBI42";"80,02";""
"301";"2023-03-31";"1100010";"55100172";"ITC4";"SBI42";"35,82";""
"1101";"2023-03-31";"1100010";"55100041";"IT";"SBI42";"407150";""
"1101";"2022-12-31";"1100010";"55100033";"IT";"SBI42";"21871";""
"1101";"2022-12-31";"1100010";"55100033";"ITC4";"SBI42";"4284";""
"302";"2022-12-31";"1100010";"55100172";"ITC4";"SBI42";"45,05";""
"1101";"2022-12-31";"1100010";"55100041";"ITC41";"SBI42";"4880";""
"301";"2022-12-31";"1100010";"55100172";"IT";"SBI42";"33,57";""
"310";"2022-12-31";"1100010";"55100172";"ITC41";"SBI42";"57,46";""
"320";"2022-12-31";"1100010";"55100172";"ITC41";"SBI42";"73,44";""
"1101";"2022-12-31";"1100010";"55100041";"IT";"SBI42";"392806";""
"302";"2022-12-31";"1100010";"55100172";"ITC41";"SBI42";"33,21";""
"320";"2022-12-31";"1100010";"55100172";"ITC4";"SBI42";"79,75";""
"310";"2022-12-31";"1100010";"55100172";"IT";"SBI42";"67,05";""
"310";"2022-12-31";"1100010";"55100172";"ITC4";"SBI42";"67,78";""
"302";"2022-12-31";"1100010";"55100172";"IT";"SBI42";"42,64";""
"301";"2022-12-31";"1100010";"55100172";"ITC41";"SBI42";"25,23";""
"1101";"2022-12-31";"1100010";"55100033";"ITC41";"SBI42";"239";""
"301";"2022-12-31";"1100010";"55100172";"ITC4";"SBI42";"35,59";""
"320";"2022-12-31";"1100010";"55100172";"IT";"SBI42";"80,04";""
"1101";"2022-12-31";"1100010";"55100041";"ITC4";"SBI42";"57628";""
"302";"2022-09-30";"1100010";"55100172";"ITC4";"SBI42";"45,96";""
"310";"2022-09-30";"1100010";"55100172";"ITC4";"SBI42";"69,5";""
"301";"2022-09-30";"1100010";"55100172";"ITC41";"SBI42";"29,61";""
"301";"2022-09-30";"1100010";"55100172";"ITC4";"SBI42";"35,86";""
"320";"2022-09-30";"1100010";"55100172";"ITC41";"SBI42";"75,83";""
"310";"2022-09-30";"1100010";"55100172";"ITC41";"SBI42";"61,55";""
"301";"2022-09-30";"1100010";"55100172";"IT";"SBI42";"34,35";""
"1101";"2022-09-30";"1100010";"55100033";"ITC4";"SBI42";"5446";""
"1101";"2022-09-30";"1100010";"55100041";"ITC41";"SBI42";"5136";""
"1101";"2022-09-30";"1100010";"55100033";"IT";"SBI42";"27307";""
"310";"2022-09-30";"1100010";"55100172";"IT";"SBI42";"68,12";""
"320";"2022-09-30";"1100010";"55100172";"IT";"SBI42";"80,38";""
"1101";"2022-09-30";"1100010";"55100033";"ITC41";"SBI42";"298";""
"302";"2022-09-30";"1100010";"55100172";"ITC41";"SBI42";"38,18";""
"320";"2022-09-30";"1100010";"55100172";"ITC4";"SBI42";"80,64";""
"1101";"2022-09-30";"1100010";"55100041";"IT";"SBI42";"423162";""
"1101";"2022-09-30";"1100010";"55100041";"ITC4";"SBI42";"61320";""
"302";"2022-09-30";"1100010";"55100172";"IT";"SBI42";"43,68";""
"1101";"2022-06-30";"1100010";"55100033";"ITC4";"SBI42";"5479";""
"301";"2022-06-30";"1100010";"55100172";"ITC4";"SBI42";"35,82";""
"1101";"2022-06-30";"1100010";"55100033";"IT";"SBI42";"27833";""
"310";"2022-06-30";"1100010";"55100172";"IT";"SBI42";"68,56";""
"1101";"2022-06-30";"1100010";"55100041";"ITC41";"SBI42";"5190";""
"310";"2022-06-30";"1100010";"55100172";"ITC4";"SBI42";"69,69";""
"320";"2022-06-30";"1100010";"55100172";"IT";"SBI42";"80,55";""
"301";"2022-06-30";"1100010";"55100172";"IT";"SBI42";"34,97";""
"302";"2022-06-30";"1100010";"55100172";"ITC4";"SBI42";"45,93";""
"1101";"2022-06-30";"1100010";"55100033";"ITC41";"SBI42";"300";""
"320";"2022-06-30";"1100010";"55100172";"ITC4";"SBI42";"80,75";""
"320";"2022-06-30";"1100010";"55100172";"ITC41";"SBI42";"76,27";""
"1101";"2022-06-30";"1100010";"55100041";"IT";"SBI42";"423836";""
"301";"2022-06-30";"1100010";"55100172";"ITC41";"SBI42";"29,98";""
"310";"2022-06-30";"1100010";"55100172";"ITC41";"SBI42";"62,3";""
"302";"2022-06-30";"1100010";"55100172";"ITC41";"SBI42";"38,94";""
"302";"2022-06-30";"1100010";"55100172";"IT";"SBI42";"44,34";""
"1101";"2022-06-30";"1100010";"55100041";"ITC4";"SBI42";"62095";""
"320";"2022-03-31";"1100010";"55100172";"IT";"SBI42";"80,01";""
"302";"2022-03-31";"1100010";"55100172";"ITC4";"SBI42";"45,64";""
"302";"2022-03-31";"1100010";"55100172";"IT";"SBI42";"44,31";""
"1101";"2022-03-31";"1100010";"55100033";"ITC41";"SBI42";"393";""
"301";"2022-03-31";"1100010";"55100172";"ITC4";"SBI42";"35,38";""
"310";"2022-03-31";"1100010";"55100172";"ITC41";"SBI42";"62,84";""
"310";"2022-03-31";"1100010";"55100172";"ITC4";"SBI42";"70,1";""
"1101";"2022-03-31";"1100010";"55100041";"IT";"SBI42";"483423";""
"1101";"2022-03-31";"1100010";"55100041";"ITC4";"SBI42";"71086";""
"320";"2022-03-31";"1100010";"55100172";"ITC41";"SBI42";"75,69";""
"1101";"2022-03-31";"1100010";"55100033";"IT";"SBI42";"34540";""
"302";"2022-03-31";"1100010";"55100172";"ITC41";"SBI42";"39,38";""
"1101";"2022-03-31";"1100010";"55100033";"ITC4";"SBI42";"6858";""
"301";"2022-03-31";"1100010";"55100172";"ITC41";"SBI42";"30,69";""
"310";"2022-03-31";"1100010";"55100172";"IT";"SBI42";"68,41";""
"1101";"2022-03-31";"1100010";"55100041";"ITC41";"SBI42";"5872";""
"301";"2022-03-31";"1100010";"55100172";"IT";"SBI42";"34,87";""
"320";"2022-03-31";"1100010";"55100172";"ITC4";"SBI42";"80,77";""
"302";"2021-12-31";"1100010";"55100172";"ITC4";"SBI42";"44,67";""
"1101";"2021-12-31";"1100010";"55100033";"ITC41";"SBI42";"375";""
"320";"2021-12-31";"1100010";"55100172";"IT";"SBI42";"79,96";""
"1101";"2021-12-31";"1100010";"55100033";"IT";"SBI42";"33863";""
"310";"2021-12-31";"1100010";"55100172";"ITC41";"SBI42";"61,82";""
"1101";"2021-12-31";"1100010";"55100041";"ITC41";"SBI42";"5787";""
"301";"2021-12-31";"1100010";"55100172";"ITC41";"SBI42";"28,78";""
"320";"2021-12-31";"1100010";"55100172";"ITC4";"SBI42";"80,44";""
"302";"2021-12-31";"1100010";"55100172";"ITC41";"SBI42";"37,63";""
"320";"2021-12-31";"1100010";"55100172";"ITC41";"SBI42";"75,26";""
"301";"2021-12-31";"1100010";"55100172";"IT";"SBI42";"34,12";""
"1101";"2021-12-31";"1100010";"55100033";"ITC4";"SBI42";"6692";""
"301";"2021-12-31";"1100010";"55100172";"ITC4";"SBI42";"34,41";""
"310";"2021-12-31";"1100010";"55100172";"ITC4";"SBI42";"69,49";""
"1101";"2021-12-31";"1100010";"55100041";"ITC4";"SBI42";"70033";""
"302";"2021-12-31";"1100010";"55100172";"IT";"SBI42";"43,62";""
"310";"2021-12-31";"1100010";"55100172";"IT";"SBI42";"68,13";""
"1101";"2021-12-31";"1100010";"55100041";"IT";"SBI42";"471784";""
"1101";"2021-09-30";"1100010";"55100033";"ITC41";"SBI42";"482";""
"1101";"2021-09-30";"1100010";"55100041";"ITC41";"SBI42";"5498";""
"320";"2021-09-30";"1100010";"55100172";"ITC4";"SBI42";"76,25";""
"320";"2021-09-30";"1100010";"55100172";"IT";"SBI42";"76,66";""
"1101";"2021-09-30";"1100010";"55100033";"IT";"SBI42";"42914";""
"302";"2021-09-30";"1100010";"55100172";"ITC41";"SBI42";"34,88";""
"302";"2021-09-30";"1100010";"55100172";"ITC4";"SBI42";"39,83";""
"310";"2021-09-30";"1100010";"55100172";"IT";"SBI42";"65,44";""
"301";"2021-09-30";"1100010";"55100172";"ITC4";"SBI42";"29,75";""
"310";"2021-09-30";"1100010";"55100172";"ITC4";"SBI42";"65,69";""
"320";"2021-09-30";"1100010";"55100172";"ITC41";"SBI42";"70,88";""
"310";"2021-09-30";"1100010";"55100172";"ITC41";"SBI42";"58,79";""
"301";"2021-09-30";"1100010";"55100172";"ITC41";"SBI42";"26,52";""
"1101";"2021-09-30";"1100010";"55100041";"ITC4";"SBI42";"68966";""
"301";"2021-09-30";"1100010";"55100172";"IT";"SBI42";"31,71";""
"302";"2021-09-30";"1100010";"55100172";"IT";"SBI42";"41,07";""
"1101";"2021-09-30";"1100010";"55100033";"ITC4";"SBI42";"8553";""
"1101";"2021-09-30";"1100010";"55100041";"IT";"SBI42";"453247";""
"302";"2021-06-30";"1100010";"55100172";"ITC4";"SBI42";"40,12";""
"1101";"2021-06-30";"1100010";"55100033";"IT";"SBI42";"46019";""
"301";"2021-06-30";"1100010";"55100172";"ITC4";"SBI42";"30,21";""
"320";"2021-06-30";"1100010";"55100172";"IT";"SBI42";"75,67";""
"301";"2021-06-30";"1100010";"55100172";"ITC41";"SBI42";"28,68";""
"301";"2021-06-30";"1100010";"55100172";"IT";"SBI42";"31,69";""
"302";"2021-06-30";"1100010";"55100172";"ITC41";"SBI42";"36,62";""
"310";"2021-06-30";"1100010";"55100172";"ITC41";"SBI42";"58,22";""
"310";"2021-06-30";"1100010";"55100172";"IT";"SBI42";"64,5";""
"302";"2021-06-30";"1100010";"55100172";"IT";"SBI42";"40,87";""
"1101";"2021-06-30";"1100010";"55100033";"ITC4";"SBI42";"9215";""
"320";"2021-06-30";"1100010";"55100172";"ITC4";"SBI42";"75,35";""
"310";"2021-06-30";"1100010";"55100172";"ITC4";"SBI42";"64,98";""
"1101";"2021-06-30";"1100010";"55100041";"ITC4";"SBI42";"77761";""
"1101";"2021-06-30";"1100010";"55100033";"ITC41";"SBI42";"558";""
"1101";"2021-06-30";"1100010";"55100041";"IT";"SBI42";"509542";""
"1101";"2021-06-30";"1100010";"55100041";"ITC41";"SBI42";"6593";""
"320";"2021-06-30";"1100010";"55100172";"ITC41";"SBI42";"70,02";""
"310";"2021-03-31";"1100010";"55100172";"ITC4";"SBI42";"66,06";""
"302";"2021-03-31";"1100010";"55100172";"ITC41";"SBI42";"38,82";""
"320";"2021-03-31";"1100010";"55100172";"ITC4";"SBI42";"76,21";""
"1101";"2021-03-31";"1100010";"55100033";"ITC4";"SBI42";"10007";""
"301";"2021-03-31";"1100010";"55100172";"ITC41";"SBI42";"30,42";""
"301";"2021-03-31";"1100010";"55100172";"IT";"SBI42";"31,93";""
"1101";"2021-03-31";"1100010";"55100041";"IT";"SBI42";"507983";""
"302";"2021-03-31";"1100010";"55100172";"IT";"SBI42";"41,34";""
"1101";"2021-03-31";"1100010";"55100041";"ITC41";"SBI42";"6600";""
"302";"2021-03-31";"1100010";"55100172";"ITC4";"SBI42";"40,54";""
"301";"2021-03-31";"1100010";"55100172";"ITC4";"SBI42";"30,33";""
"310";"2021-03-31";"1100010";"55100172";"ITC41";"SBI42";"60,46";""
"310";"2021-03-31";"1100010";"55100172";"IT";"SBI42";"65,25";""
"320";"2021-03-31";"1100010";"55100172";"ITC41";"SBI42";"71,74";""
"320";"2021-03-31";"1100010";"55100172";"IT";"SBI42";"76,24";""
"1101";"2021-03-31";"1100010";"55100033";"IT";"SBI42";"47656";""
"1101";"2021-03-31";"1100010";"55100041";"ITC4";"SBI42";"78561";""
"1101";"2021-03-31";"1100010";"55100033";"ITC41";"SBI42";"603";""
"310";"2020-12-31";"1100010";"55100172";"ITC4";"SBI42";"66,24";""
"1101";"2020-12-31";"1100010";"55100033";"ITC4";"SBI42";"10009";""
"320";"2020-12-31";"1100010";"55100172";"ITC41";"SBI42";"72,22";""
"320";"2020-12-31";"1100010";"55100172";"ITC4";"SBI42";"76,34";""
"302";"2020-12-31";"1100010";"55100172";"IT";"SBI42";"41,2";""
"302";"2020-12-31";"1100010";"55100172";"ITC41";"SBI42";"39,58";""
"1101";"2020-12-31";"1100010";"55100041";"ITC41";"SBI42";"6373";""
"301";"2020-12-31";"1100010";"55100172";"ITC4";"SBI42";"30,75";""
"301";"2020-12-31";"1100010";"55100172";"ITC41";"SBI42";"30,55";""
"320";"2020-12-31";"1100010";"55100172";"IT";"SBI42";"76,2";""
"310";"2020-12-31";"1100010";"55100172";"IT";"SBI42";"65,25";""
"310";"2020-12-31";"1100010";"55100172";"ITC41";"SBI42";"61,21";""
"1101";"2020-12-31";"1100010";"55100033";"ITC41";"SBI42";"608";""
"1101";"2020-12-31";"1100010";"55100041";"IT";"SBI42";"489310";""
"1101";"2020-12-31";"1100010";"55100033";"IT";"SBI42";"47290";""
"301";"2020-12-31";"1100010";"55100172";"IT";"SBI42";"31,81";""
"302";"2020-12-31";"1100010";"55100172";"ITC4";"SBI42";"40,79";""
"1101";"2020-12-31";"1100010";"55100041";"ITC4";"SBI42";"76261";""
"320";"2020-09-30";"1100010";"55100172";"ITC4";"SBI42";"78,03";""
"310";"2020-09-30";"1100010";"55100172";"ITC41";"SBI42";"61,76";""
"320";"2020-09-30";"1100010";"55100172";"ITC41";"SBI42";"72,92";""
"301";"2020-09-30";"1100010";"55100172";"ITC41";"SBI42";"30,05";""
"1101";"2020-09-30";"1100010";"55100041";"ITC41";"SBI42";"7638";""
"1101";"2020-09-30";"1100010";"55100033";"ITC4";"SBI42";"12882";""
"310";"2020-09-30";"1100010";"55100172";"ITC4";"SBI42";"67,84";""
"310";"2020-09-30";"1100010";"55100172";"IT";"SBI42";"67,29";""
"1101";"2020-09-30";"1100010";"55100033";"IT";"SBI42";"63199";""
"301";"2020-09-30";"1100010";"55100172";"IT";"SBI42";"32,7";""
"302";"2020-09-30";"1100010";"55100172";"ITC4";"SBI42";"41,48";""
"1101";"2020-09-30";"1100010";"55100041";"IT";"SBI42";"622613";""
"320";"2020-09-30";"1100010";"55100172";"IT";"SBI42";"78,06";""
"301";"2020-09-30";"1100010";"55100172";"ITC4";"SBI42";"31,33";""
"1101";"2020-09-30";"1100010";"55100041";"ITC4";"SBI42";"92192";""
"302";"2020-09-30";"1100010";"55100172";"ITC41";"SBI42";"39,04";""
"302";"2020-09-30";"1100010";"55100172";"IT";"SBI42";"42,43";""
"1101";"2020-09-30";"1100010";"55100033";"ITC41";"SBI42";"748";""
"301";"2020-06-30";"1100010";"55100172";"ITC4";"SBI42";"31,42";""
"310";"2020-06-30";"1100010";"55100172";"ITC4";"SBI42";"68,1";""
"302";"2020-06-30";"1100010";"55100172";"ITC4";"SBI42";"41,66";""
"320";"2020-06-30";"1100010";"55100172";"ITC41";"SBI42";"72,37";""
"301";"2020-06-30";"1100010";"55100172";"IT";"SBI42";"33,47";""
"1101";"2020-06-30";"1100010";"55100033";"ITC41";"SBI42";"748";""
"320";"2020-06-30";"1100010";"55100172";"ITC4";"SBI42";"78,31";""
"310";"2020-06-30";"1100010";"55100172";"IT";"SBI42";"67,81";""
"1101";"2020-06-30";"1100010";"55100041";"IT";"SBI42";"647732";""
"1101";"2020-06-30";"1100010";"55100033";"ITC4";"SBI42";"13153";""
"320";"2020-06-30";"1100010";"55100172";"IT";"SBI42";"78,47";""
"310";"2020-06-30";"1100010";"55100172";"ITC41";"SBI42";"60,95";""
"302";"2020-06-30";"1100010";"55100172";"IT";"SBI42";"43,16";""
"1101";"2020-06-30";"1100010";"55100041";"ITC4";"SBI42";"94454";""
"1101";"2020-06-30";"1100010";"55100041";"ITC41";"SBI42";"7817";""
"301";"2020-06-30";"1100010";"55100172";"ITC41";"SBI42";"29,07";""
"1101";"2020-06-30";"1100010";"55100033";"IT";"SBI42";"66078";""
"302";"2020-06-30";"1100010";"55100172";"ITC41";"SBI42";"37,93";""
"1101";"2020-03-31";"1100010";"55100041";"ITC41";"SBI42";"8135";""
"310";"2020-03-31";"1100010";"55100172";"ITC4";"SBI42";"68,38";""
"310";"2020-03-31";"1100010";"55100172";"IT";"SBI42";"68,35";""
"320";"2020-03-31";"1100010";"55100172";"ITC4";"SBI42";"78,69";""
"302";"2020-03-31";"1100010";"55100172";"ITC41";"SBI42";"38,54";""
"302";"2020-03-31";"1100010";"55100172";"IT";"SBI42";"43,5";""
"301";"2020-03-31";"1100010";"55100172";"IT";"SBI42";"33,69";""
"1101";"2020-03-31";"1100010";"55100033";"IT";"SBI42";"68999";""
"320";"2020-03-31";"1100010";"55100172";"IT";"SBI42";"78,95";""
"301";"2020-03-31";"1100010";"55100172";"ITC4";"SBI42";"30,99";""
"320";"2020-03-31";"1100010";"55100172";"ITC41";"SBI42";"72,92";""
"301";"2020-03-31";"1100010";"55100172";"ITC41";"SBI42";"29,38";""
"302";"2020-03-31";"1100010";"55100172";"ITC4";"SBI42";"41,19";""
"1101";"2020-03-31";"1100010";"55100041";"IT";"SBI42";"677360";""
"1101";"2020-03-31";"1100010";"55100033";"ITC41";"SBI42";"804";""
"1101";"2020-03-31";"1100010";"55100041";"ITC4";"SBI42";"98887";""
"1101";"2020-03-31";"1100010";"55100033";"ITC4";"SBI42";"14261";""
"310";"2020-03-31";"1100010";"55100172";"ITC41";"SBI42";"61,73";""
"1101";"2019-12-31";"1100010";"55100041";"ITC41";"SBI42";"8105";""
"302";"2019-12-31";"1100010";"55100172";"ITC41";"SBI42";"38,93";""
"310";"2019-12-31";"1100010";"55100172";"IT";"SBI42";"68,21";""
"320";"2019-12-31";"1100010";"55100172";"ITC41";"SBI42";"73,2";""
"320";"2019-12-31";"1100010";"55100172";"ITC4";"SBI42";"78,59";""
"1101";"2019-12-31";"1100010";"55100041";"IT";"SBI42";"664278";""
"302";"2019-12-31";"1100010";"55100172";"IT";"SBI42";"43,39";""
"301";"2019-12-31";"1100010";"55100172";"ITC4";"SBI42";"30,89";""
"310";"2019-12-31";"1100010";"55100172";"ITC4";"SBI42";"68,28";""
"1101";"2019-12-31";"1100010";"55100033";"IT";"SBI42";"69323";""
"310";"2019-12-31";"1100010";"55100172";"ITC41";"SBI42";"62,19";""
"1101";"2019-12-31";"1100010";"55100033";"ITC41";"SBI42";"834";""
"1101";"2019-12-31";"1100010";"55100033";"ITC4";"SBI42";"14494";""
"1101";"2019-12-31";"1100010";"55100041";"ITC4";"SBI42";"99185";""
"301";"2019-12-31";"1100010";"55100172";"IT";"SBI42";"33,59";""
"302";"2019-12-31";"1100010";"55100172";"ITC4";"SBI42";"41,09";""
"301";"2019-12-31";"1100010";"55100172";"ITC41";"SBI42";"29,82";""
"320";"2019-12-31";"1100010";"55100172";"IT";"SBI42";"78,75";""
"320";"2019-09-30";"1100010";"55100172";"ITC41";"SBI42";"72,63";""
"310";"2019-09-30";"1100010";"55100172";"ITC41";"SBI42";"63,16";""
"302";"2019-09-30";"1100010";"55100172";"ITC41";"SBI42";"44,16";""
"302";"2019-09-30";"1100010";"55100172";"IT";"SBI42";"42,39";""
"301";"2019-09-30";"1100010";"55100172";"ITC4";"SBI42";"31,27";""
"320";"2019-09-30";"1100010";"55100172";"ITC4";"SBI42";"76,05";""
"1101";"2019-09-30";"1100010";"55100033";"ITC4";"SBI42";"17018";""
"1101";"2019-09-30";"1100010";"55100033";"ITC41";"SBI42";"1128";""
"301";"2019-09-30";"1100010";"55100172";"ITC41";"SBI42";"36,36";""
"302";"2019-09-30";"1100010";"55100172";"ITC4";"SBI42";"41,11";""
"301";"2019-09-30";"1100010";"55100172";"IT";"SBI42";"32,97";""
"310";"2019-09-30";"1100010";"55100172";"IT";"SBI42";"66,04";""
"310";"2019-09-30";"1100010";"55100172";"ITC4";"SBI42";"66,43";""
"1101";"2019-09-30";"1100010";"55100041";"IT";"SBI42";"780169";""
"1101";"2019-09-30";"1100010";"55100041";"ITC4";"SBI42";"119869";""
"320";"2019-09-30";"1100010";"55100172";"IT";"SBI42";"76,35";""
"1101";"2019-09-30";"1100010";"55100041";"ITC41";"SBI42";"9709";""
"1101";"2019-09-30";"1100010";"55100033";"IT";"SBI42";"82293";""
"1101";"2019-06-30";"1100010";"55100033";"ITC41";"SBI42";"1141";""
"1101";"2019-06-30";"1100010";"55100033";"IT";"SBI42";"85786";""
"1101";"2019-06-30";"1100010";"55100041";"ITC4";"SBI42";"117834";""
"310";"2019-06-30";"1100010";"55100172";"IT";"SBI42";"66,41";""
"301";"2019-06-30";"1100010";"55100172";"ITC4";"SBI42";"32";""
"302";"2019-06-30";"1100010";"55100172";"ITC41";"SBI42";"43,89";""
"302";"2019-06-30";"1100010";"55100172";"ITC4";"SBI42";"41,76";""
"320";"2019-06-30";"1100010";"55100172";"IT";"SBI42";"76,67";""
"1101";"2019-06-30";"1100010";"55100033";"ITC4";"SBI42";"17534";""
"310";"2019-06-30";"1100010";"55100172";"ITC41";"SBI42";"63,33";""
"1101";"2019-06-30";"1100010";"55100041";"ITC41";"SBI42";"9594";""
"320";"2019-06-30";"1100010";"55100172";"ITC4";"SBI42";"76,82";""
"1101";"2019-06-30";"1100010";"55100041";"IT";"SBI42";"785048";""
"302";"2019-06-30";"1100010";"55100172";"IT";"SBI42";"42,55";""
"301";"2019-06-30";"1100010";"55100172";"IT";"SBI42";"33,12";""
"320";"2019-06-30";"1100010";"55100172";"ITC41";"SBI42";"72,87";""
"310";"2019-06-30";"1100010";"55100172";"ITC4";"SBI42";"67,18";""
"301";"2019-06-30";"1100010";"55100172";"ITC41";"SBI42";"35,9";""
"301";"2019-03-31";"1100010";"55100172";"ITC41";"SBI42";"35,83";""
"1101";"2019-03-31";"1100010";"55100033";"ITC4";"SBI42";"18233";""
"320";"2019-03-31";"1100010";"55100172";"ITC4";"SBI42";"77,15";""
"1101";"2019-03-31";"1100010";"55100033";"IT";"SBI42";"86648";""
"310";"2019-03-31";"1100010";"55100172";"ITC4";"SBI42";"67,83";""
"320";"2019-03-31";"1100010";"55100172";"ITC41";"SBI42";"72,5";""
"302";"2019-03-31";"1100010";"55100172";"ITC41";"SBI42";"43,75";""
"1101";"2019-03-31";"1100010";"55100041";"ITC41";"SBI42";"9799";""
"1101";"2019-03-31";"1100010";"55100041";"IT";"SBI42";"805131";""
"320";"2019-03-31";"1100010";"55100172";"IT";"SBI42";"77,06";""
"310";"2019-03-31";"1100010";"55100172";"ITC41";"SBI42";"63";""
"302";"2019-03-31";"1100010";"55100172";"IT";"SBI42";"43,24";""
"301";"2019-03-31";"1100010";"55100172";"IT";"SBI42";"33,8";""
"1101";"2019-03-31";"1100010";"55100033";"ITC41";"SBI42";"1152";""
"1101";"2019-03-31";"1100010";"55100041";"ITC4";"SBI42";"119598";""
"310";"2019-03-31";"1100010";"55100172";"IT";"SBI42";"66,9";""
"302";"2019-03-31";"1100010";"55100172";"ITC4";"SBI42";"42,97";""
"301";"2019-03-31";"1100010";"55100172";"ITC4";"SBI42";"33,34";""
"320";"2018-12-31";"1100010";"55100172";"ITC4";"SBI42";"77,57";""
"310";"2018-12-31";"1100010";"55100172";"ITC4";"SBI42";"68,56";""
"301";"2018-12-31";"1100010";"55100172";"ITC4";"SBI42";"33,54";""
"302";"2018-12-31";"1100010";"55100172";"ITC4";"SBI42";"43,46";""
"1101";"2018-12-31";"1100010";"55100041";"IT";"SBI42";"820506";""
"301";"2018-12-31";"1100010";"55100172";"ITC41";"SBI42";"32,54";""
"1101";"2018-12-31";"1100010";"55100033";"ITC41";"SBI42";"1289";""
"320";"2018-12-31";"1100010";"55100172";"IT";"SBI42";"77,22";""
"1101";"2018-12-31";"1100010";"55100041";"ITC41";"SBI42";"10333";""
"310";"2018-12-31";"1100010";"55100172";"IT";"SBI42";"67,4";""
"320";"2018-12-31";"1100010";"55100172";"ITC41";"SBI42";"71,15";""
"302";"2018-12-31";"1100010";"55100172";"ITC41";"SBI42";"40,98";""
"1101";"2018-12-31";"1100010";"55100033";"ITC4";"SBI42";"21970";""
"1101";"2018-12-31";"1100010";"55100033";"IT";"SBI42";"98447";""
"1101";"2018-12-31";"1100010";"55100041";"ITC4";"SBI42";"126170";""
"310";"2018-12-31";"1100010";"55100172";"ITC41";"SBI42";"61,33";""
"302";"2018-12-31";"1100010";"55100172";"IT";"SBI42";"43,61";""
"301";"2018-12-31";"1100010";"55100172";"IT";"SBI42";"34,05";""
"1101";"2018-09-30";"1100010";"55100033";"ITC41";"SBI42";"1358";""
"1101";"2018-09-30";"1100010";"55100041";"ITC41";"SBI42";"11281";""
"302";"2018-09-30";"1100010";"55100172";"ITC4";"SBI42";"44,19";""
"310";"2018-09-30";"1100010";"55100172";"ITC41";"SBI42";"61,86";""
"310";"2018-09-30";"1100010";"55100172";"ITC4";"SBI42";"69,14";""
"1101";"2018-09-30";"1100010";"55100033";"IT";"SBI42";"108840";""
"320";"2018-09-30";"1100010";"55100172";"IT";"SBI42";"77,47";""
"320";"2018-09-30";"1100010";"55100172";"ITC41";"SBI42";"71,67";""
"320";"2018-09-30";"1100010";"55100172";"ITC4";"SBI42";"78,05";""
"302";"2018-09-30";"1100010";"55100172";"ITC41";"SBI42";"40,89";""
"1101";"2018-09-30";"1100010";"55100033";"ITC4";"SBI42";"23486";""
"302";"2018-09-30";"1100010";"55100172";"IT";"SBI42";"43,69";""
"310";"2018-09-30";"1100010";"55100172";"IT";"SBI42";"67,66";""
"301";"2018-09-30";"1100010";"55100172";"ITC41";"SBI42";"32,38";""
"301";"2018-09-30";"1100010";"55100172";"ITC4";"SBI42";"34,15";""
"1101";"2018-09-30";"1100010";"55100041";"ITC4";"SBI42";"138801";""
"1101";"2018-09-30";"1100010";"55100041";"IT";"SBI42";"904878";""
"301";"2018-09-30";"1100010";"55100172";"IT";"SBI42";"34,08";""
"320";"2018-06-30";"1100010";"55100172";"ITC41";"SBI42";"74,74";""
"310";"2018-06-30";"1100010";"55100172";"ITC41";"SBI42";"64,24";""
"302";"2018-06-30";"1100010";"55100172";"ITC4";"SBI42";"47,26";""
"301";"2018-06-30";"1100010";"55100172";"ITC41";"SBI42";"34,13";""
"1101";"2018-06-30";"1100010";"55100033";"ITC4";"SBI42";"25663";""
"310";"2018-06-30";"1100010";"55100172";"ITC4";"SBI42";"71,91";""
"1101";"2018-06-30";"1100010";"55100041";"ITC41";"SBI42";"15375";""
"301";"2018-06-30";"1100010";"55100172";"ITC4";"SBI42";"36,88";""
"301";"2018-06-30";"1100010";"55100172";"IT";"SBI42";"37,45";""
"1101";"2018-06-30";"1100010";"55100033";"IT";"SBI42";"117935";""
"320";"2018-06-30";"1100010";"55100172";"IT";"SBI42";"81,36";""
"1101";"2018-06-30";"1100010";"55100041";"ITC4";"SBI42";"181647";""
"1101";"2018-06-30";"1100010";"55100041";"IT";"SBI42";"1209253";""
"310";"2018-06-30";"1100010";"55100172";"IT";"SBI42";"71,43";""
"320";"2018-06-30";"1100010";"55100172";"ITC4";"SBI42";"80,76";""
"1101";"2018-06-30";"1100010";"55100033";"ITC41";"SBI42";"1508";""
"302";"2018-06-30";"1100010";"55100172";"ITC41";"SBI42";"42,69";""
"302";"2018-06-30";"1100010";"55100172";"IT";"SBI42";"47,53";""
"1101";"2018-03-31";"1100010";"55100033";"IT";"SBI42";"137335";""
"320";"2018-03-31";"1100010";"55100172";"IT";"SBI42";"80,21";""
"1101";"2018-03-31";"1100010";"55100041";"ITC41";"SBI42";"15817";""
"1101";"2018-03-31";"1100010";"55100033";"ITC4";"SBI42";"31565";""
"320";"2018-03-31";"1100010";"55100172";"ITC41";"SBI42";"73,21";""
"1101";"2018-03-31";"1100010";"55100041";"IT";"SBI42";"1227883";""
"1101";"2018-03-31";"1100010";"55100041";"ITC4";"SBI42";"187729";""
"1101";"2018-03-31";"1100010";"55100033";"ITC41";"SBI42";"1864";""
"310";"2018-03-31";"1100010";"55100172";"IT";"SBI42";"70,49";""
"310";"2018-03-31";"1100010";"55100172";"ITC41";"SBI42";"62,94";""
"310";"2018-03-31";"1100010";"55100172";"ITC4";"SBI42";"70,07";""
"302";"2018-03-31";"1100010";"55100172";"IT";"SBI42";"46,29";""
"301";"2018-03-31";"1100010";"55100172";"ITC41";"SBI42";"31,26";""
"301";"2018-03-31";"1100010";"55100172";"ITC4";"SBI42";"34,15";""
"320";"2018-03-31";"1100010";"55100172";"ITC4";"SBI42";"78,89";""
"302";"2018-03-31";"1100010";"55100172";"ITC4";"SBI42";"44,59";""
"302";"2018-03-31";"1100010";"55100172";"ITC41";"SBI42";"40,24";""
"301";"2018-03-31";"1100010";"55100172";"IT";"SBI42";"36,16";""
"310";"2017-12-31";"1100010";"55100172";"ITC41";"SBI42";"64,93";""
"310";"2017-12-31";"1100010";"55100172";"IT";"SBI42";"70,75";""
"1101";"2017-12-31";"1100010";"55100041";"IT";"SBI42";"1211489";""
"1101";"2017-12-31";"1100010";"55100033";"ITC41";"SBI42";"1823";""
"1101";"2017-12-31";"1100010";"55100041";"ITC4";"SBI42";"186071";""
"301";"2017-12-31";"1100010";"55100172";"ITC41";"SBI42";"32,26";""
"1101";"2017-12-31";"1100010";"55100033";"IT";"SBI42";"140585";""
"301";"2017-12-31";"1100010";"55100172";"IT";"SBI42";"36,64";""
"1101";"2017-12-31";"1100010";"55100033";"ITC4";"SBI42";"31992";""
"320";"2017-12-31";"1100010";"55100172";"IT";"SBI42";"80,34";""
"320";"2017-12-31";"1100010";"55100172";"ITC4";"SBI42";"79,14";""
"310";"2017-12-31";"1100010";"55100172";"ITC4";"SBI42";"70,34";""
"302";"2017-12-31";"1100010";"55100172";"ITC41";"SBI42";"41,58";""
"302";"2017-12-31";"1100010";"55100172";"ITC4";"SBI42";"44,88";""
"320";"2017-12-31";"1100010";"55100172";"ITC41";"SBI42";"75,46";""
"302";"2017-12-31";"1100010";"55100172";"IT";"SBI42";"46,74";""
"1101";"2017-12-31";"1100010";"55100041";"ITC41";"SBI42";"15735";""
"301";"2017-12-31";"1100010";"55100172";"ITC4";"SBI42";"34,43";""
"1101";"2017-09-30";"1100010";"55100033";"IT";"SBI42";"170239";""
"302";"2017-09-30";"1100010";"55100172";"ITC4";"SBI42";"45,13";""
"301";"2017-09-30";"1100010";"55100172";"ITC41";"SBI42";"30,06";""
"301";"2017-09-30";"1100010";"55100172";"ITC4";"SBI42";"34,58";""
"1101";"2017-09-30";"1100010";"55100041";"IT";"SBI42";"1301549";""
"1101";"2017-09-30";"1100010";"55100033";"ITC41";"SBI42";"1987";""
"1101";"2017-09-30";"1100010";"55100041";"ITC41";"SBI42";"16680";""
"1101";"2017-09-30";"1100010";"55100041";"ITC4";"SBI42";"199574";""
"301";"2017-09-30";"1100010";"55100172";"IT";"SBI42";"37,07";""
"1101";"2017-09-30";"1100010";"55100033";"ITC4";"SBI42";"36283";""
"310";"2017-09-30";"1100010";"55100172";"ITC4";"SBI42";"70,65";""
"320";"2017-09-30";"1100010";"55100172";"ITC41";"SBI42";"72,16";""
"310";"2017-09-30";"1100010";"55100172";"IT";"SBI42";"71,65";""
"320";"2017-09-30";"1100010";"55100172";"IT";"SBI42";"80,98";""
"302";"2017-09-30";"1100010";"55100172";"ITC41";"SBI42";"39,19";""
"310";"2017-09-30";"1100010";"55100172";"ITC41";"SBI42";"62,07";""
"320";"2017-09-30";"1100010";"55100172";"ITC4";"SBI42";"79,28";""
"302";"2017-09-30";"1100010";"55100172";"IT";"SBI42";"47,34";""
"320";"2017-06-30";"1100010";"55100172";"IT";"SBI42";"81,42";""
"301";"2017-06-30";"1100010";"55100172";"ITC4";"SBI42";"35,4";""
"1101";"2017-06-30";"1100010";"55100041";"ITC41";"SBI42";"16874";""
"301";"2017-06-30";"1100010";"55100172";"IT";"SBI42";"37,47";""
"320";"2017-06-30";"1100010";"55100172";"ITC41";"SBI42";"72,39";""
"302";"2017-06-30";"1100010";"55100172";"ITC41";"SBI42";"39,33";""
"1101";"2017-06-30";"1100010";"55100033";"ITC41";"SBI42";"2090";""
"310";"2017-06-30";"1100010";"55100172";"ITC4";"SBI42";"71,47";""
"310";"2017-06-30";"1100010";"55100172";"ITC41";"SBI42";"62,38";""
"310";"2017-06-30";"1100010";"55100172";"IT";"SBI42";"72,26";""
"1101";"2017-06-30";"1100010";"55100041";"ITC4";"SBI42";"201580";""
"320";"2017-06-30";"1100010";"55100172";"ITC4";"SBI42";"79,98";""
"1101";"2017-06-30";"1100010";"55100033";"IT";"SBI42";"183132";""
"302";"2017-06-30";"1100010";"55100172";"ITC4";"SBI42";"46,01";""
"302";"2017-06-30";"1100010";"55100172";"IT";"SBI42";"47,8";""
"301";"2017-06-30";"1100010";"55100172";"ITC41";"SBI42";"30,13";""
"1101";"2017-06-30";"1100010";"55100041";"IT";"SBI42";"1306522";""
"1101";"2017-06-30";"1100010";"55100033";"ITC4";"SBI42";"39166";""
"301";"2017-03-31";"1100010";"55100172";"ITC41";"SBI42";"29,57";""
"301";"2017-03-31";"1100010";"55100172";"IT";"SBI42";"37,81";""
"320";"2017-03-31";"1100010";"55100172";"ITC41";"SBI42";"71,68";""
"1101";"2017-03-31";"1100010";"55100041";"ITC41";"SBI42";"17149";""
"1101";"2017-03-31";"1100010";"55100033";"ITC41";"SBI42";"2086";""
"1101";"2017-03-31";"1100010";"55100033";"IT";"SBI42";"186439";""
"1101";"2017-03-31";"1100010";"55100041";"ITC4";"SBI42";"205923";""
"320";"2017-03-31";"1100010";"55100172";"ITC4";"SBI42";"80,06";""
"302";"2017-03-31";"1100010";"55100172";"ITC41";"SBI42";"38,77";""
"1101";"2017-03-31";"1100010";"55100041";"IT";"SBI42";"1336289";""
"310";"2017-03-31";"1100010";"55100172";"ITC41";"SBI42";"61,48";""
"302";"2017-03-31";"1100010";"55100172";"IT";"SBI42";"48,14";""
"310";"2017-03-31";"1100010";"55100172";"ITC4";"SBI42";"71,64";""
"1101";"2017-03-31";"1100010";"55100033";"ITC4";"SBI42";"39815";""
"320";"2017-03-31";"1100010";"55100172";"IT";"SBI42";"81,53";""
"302";"2017-03-31";"1100010";"55100172";"ITC4";"SBI42";"46,43";""
"310";"2017-03-31";"1100010";"55100172";"IT";"SBI42";"72,43";""
"301";"2017-03-31";"1100010";"55100172";"ITC4";"SBI42";"35,82";""
"1101";"2016-12-31";"1100010";"55100033";"ITC41";"SBI42";"2167";""
"1101";"2016-12-31";"1100010";"55100033";"IT";"SBI42";"190644";""
"310";"2016-12-31";"1100010";"55100172";"ITC4";"SBI42";"70,97";""
"302";"2016-12-31";"1100010";"55100172";"ITC4";"SBI42";"45,91";""
"302";"2016-12-31";"1100010";"55100172";"IT";"SBI42";"47,62";""
"302";"2016-12-31";"1100010";"55100172";"ITC41";"SBI42";"38,6";""
"310";"2016-12-31";"1100010";"55100172";"IT";"SBI42";"72";""
"320";"2016-12-31";"1100010";"55100172";"ITC41";"SBI42";"71,19";""
"1101";"2016-12-31";"1100010";"55100033";"ITC4";"SBI42";"40446";""
"301";"2016-12-31";"1100010";"55100172";"ITC41";"SBI42";"29,8";""
"1101";"2016-12-31";"1100010";"55100041";"ITC4";"SBI42";"206047";""
"320";"2016-12-31";"1100010";"55100172";"IT";"SBI42";"81,14";""
"310";"2016-12-31";"1100010";"55100172";"ITC41";"SBI42";"60,96";""
"301";"2016-12-31";"1100010";"55100172";"ITC4";"SBI42";"35,51";""
"301";"2016-12-31";"1100010";"55100172";"IT";"SBI42";"37,32";""
"1101";"2016-12-31";"1100010";"55100041";"ITC41";"SBI42";"17298";""
"320";"2016-12-31";"1100010";"55100172";"ITC4";"SBI42";"79,49";""
"1101";"2016-12-31";"1100010";"55100041";"IT";"SBI42";"1321418";""
"320";"2016-09-30";"1100010";"55100172";"ITC4";"SBI42";"79,29";""
"320";"2016-09-30";"1100010";"55100172";"IT";"SBI42";"81,11";""
"310";"2016-09-30";"1100010";"55100172";"ITC4";"SBI42";"70,68";""
"301";"2016-09-30";"1100010";"55100172";"IT";"SBI42";"37,23";""
"1101";"2016-09-30";"1100010";"55100041";"ITC4";"SBI42";"195270";""
"310";"2016-09-30";"1100010";"55100172";"ITC41";"SBI42";"59,21";""
"310";"2016-09-30";"1100010";"55100172";"IT";"SBI42";"71,97";""
"320";"2016-09-30";"1100010";"55100172";"ITC41";"SBI42";"69,82";""
"302";"2016-09-30";"1100010";"55100172";"ITC4";"SBI42";"45,41";""
"302";"2016-09-30";"1100010";"55100172";"IT";"SBI42";"47,52";""
"1101";"2016-09-30";"1100010";"55100033";"IT";"SBI42";"186729";""
"301";"2016-09-30";"1100010";"55100172";"ITC4";"SBI42";"34,97";""
"1101";"2016-09-30";"1100010";"55100033";"ITC41";"SBI42";"2035";""
"302";"2016-09-30";"1100010";"55100172";"ITC41";"SBI42";"36,21";""
"301";"2016-09-30";"1100010";"55100172";"ITC41";"SBI42";"27,44";""
"1101";"2016-09-30";"1100010";"55100041";"ITC41";"SBI42";"16639";""
"1101";"2016-09-30";"1100010";"55100033";"ITC4";"SBI42";"39434";""
"1101";"2016-09-30";"1100010";"55100041";"IT";"SBI42";"1267185";""
"1101";"2016-06-30";"1100010";"55100033";"IT";"SBI42";"184995";""
"1101";"2016-06-30";"1100010";"55100041";"ITC4";"SBI42";"193332";""
"1101";"2016-06-30";"1100010";"55100033";"ITC4";"SBI42";"39102";""
"302";"2016-06-30";"1100010";"55100172";"ITC4";"SBI42";"45,04";""
"301";"2016-06-30";"1100010";"55100172";"IT";"SBI42";"37,22";""
"302";"2016-06-30";"1100010";"55100172";"IT";"SBI42";"47,48";""
"1101";"2016-06-30";"1100010";"55100033";"ITC41";"SBI42";"2019";""
"302";"2016-06-30";"1100010";"55100172";"ITC41";"SBI42";"35,78";""
"301";"2016-06-30";"1100010";"55100172";"ITC41";"SBI42";"26,96";""
"1101";"2016-06-30";"1100010";"55100041";"ITC41";"SBI42";"16583";""
"320";"2016-06-30";"1100010";"55100172";"IT";"SBI42";"81,07";""
"310";"2016-06-30";"1100010";"55100172";"ITC41";"SBI42";"58,73";""
"310";"2016-06-30";"1100010";"55100172";"IT";"SBI42";"71,93";""
"320";"2016-06-30";"1100010";"55100172";"ITC41";"SBI42";"69,4";""
"301";"2016-06-30";"1100010";"55100172";"ITC4";"SBI42";"34,55";""
"1101";"2016-06-30";"1100010";"55100041";"IT";"SBI42";"1262966";""
"320";"2016-06-30";"1100010";"55100172";"ITC4";"SBI42";"79,11";""
"310";"2016-06-30";"1100010";"55100172";"ITC4";"SBI42";"70,44";""
"302";"2016-03-31";"1100010";"55100172";"ITC4";"SBI42";"45,53";""
"302";"2016-03-31";"1100010";"55100172";"IT";"SBI42";"47,7";""
"301";"2016-03-31";"1100010";"55100172";"ITC41";"SBI42";"26,9";""
"1101";"2016-03-31";"1100010";"55100041";"ITC4";"SBI42";"195153";""
"1101";"2016-03-31";"1100010";"55100041";"IT";"SBI42";"1269299";""
"1101";"2016-03-31";"1100010";"55100041";"ITC41";"SBI42";"16718";""
"320";"2016-03-31";"1100010";"55100172";"ITC41";"SBI42";"69,19";""
"310";"2016-03-31";"1100010";"55100172";"IT";"SBI42";"71,96";""
"1101";"2016-03-31";"1100010";"55100033";"ITC4";"SBI42";"38824";""
"320";"2016-03-31";"1100010";"55100172";"IT";"SBI42";"81,06";""
"310";"2016-03-31";"1100010";"55100172";"ITC41";"SBI42";"58,43";""
"301";"2016-03-31";"1100010";"55100172";"ITC4";"SBI42";"34,99";""
"1101";"2016-03-31";"1100010";"55100033";"ITC41";"SBI42";"1992";""
"320";"2016-03-31";"1100010";"55100172";"ITC4";"SBI42";"79,26";""
"1101";"2016-03-31";"1100010";"55100033";"IT";"SBI42";"183268";""
"302";"2016-03-31";"1100010";"55100172";"ITC41";"SBI42";"35,66";""
"310";"2016-03-31";"1100010";"55100172";"ITC4";"SBI42";"70,71";""
"301";"2016-03-31";"1100010";"55100172";"IT";"SBI42";"37,43";""
"301";"2015-12-31";"1100010";"55100172";"ITC41";"SBI42";"26,77";""
"301";"2015-12-31";"1100010";"55100172";"IT";"SBI42";"38,02";""
"1101";"2015-12-31";"1100010";"55100041";"ITC41";"SBI42";"16376";""
"1101";"2015-12-31";"1100010";"55100041";"IT";"SBI42";"1252191";""
"1101";"2015-12-31";"1100010";"55100033";"ITC41";"SBI42";"1962";""
"1101";"2015-12-31";"1100010";"55100033";"ITC4";"SBI42";"38575";""
"310";"2015-12-31";"1100010";"55100172";"ITC41";"SBI42";"58,35";""
"310";"2015-12-31";"1100010";"55100172";"ITC4";"SBI42";"70,9";""
"302";"2015-12-31";"1100010";"55100172";"ITC4";"SBI42";"45,79";""
"301";"2015-12-31";"1100010";"55100172";"ITC4";"SBI42";"35,22";""
"320";"2015-12-31";"1100010";"55100172";"ITC41";"SBI42";"69,13";""
"310";"2015-12-31";"1100010";"55100172";"IT";"SBI42";"72,42";""
"320";"2015-12-31";"1100010";"55100172";"IT";"SBI42";"81,38";""
"1101";"2015-12-31";"1100010";"55100041";"ITC4";"SBI42";"190520";""
"1101";"2015-12-31";"1100010";"55100033";"IT";"SBI42";"187060";""
"302";"2015-12-31";"1100010";"55100172";"ITC41";"SBI42";"35,41";""
"320";"2015-12-31";"1100010";"55100172";"ITC4";"SBI42";"79,42";""
"302";"2015-12-31";"1100010";"55100172";"IT";"SBI42";"48,27";""
"302";"2015-09-30";"1100010";"55100172";"ITC4";"SBI42";"46,15";""
"301";"2015-09-30";"1100010";"55100172";"IT";"SBI42";"38,02";""
"320";"2015-09-30";"1100010";"55100172";"IT";"SBI42";"81,09";""
"310";"2015-09-30";"1100010";"55100172";"IT";"SBI42";"72,14";""
"1101";"2015-09-30";"1100010";"55100033";"ITC4";"SBI42";"38477";""
"301";"2015-09-30";"1100010";"55100172";"ITC4";"SBI42";"35,66";""
"1101";"2015-09-30";"1100010";"55100041";"IT";"SBI42";"1240410";""
"320";"2015-09-30";"1100010";"55100172";"ITC41";"SBI42";"69,74";""
"302";"2015-09-30";"1100010";"55100172";"IT";"SBI42";"48,24";""
"310";"2015-09-30";"1100010";"55100172";"ITC41";"SBI42";"59,21";""
"1101";"2015-09-30";"1100010";"55100041";"ITC41";"SBI42";"16451";""
"1101";"2015-09-30";"1100010";"55100033";"ITC41";"SBI42";"1970";""
"1101";"2015-09-30";"1100010";"55100033";"IT";"SBI42";"184430";""
"301";"2015-09-30";"1100010";"55100172";"ITC41";"SBI42";"27,77";""
"302";"2015-09-30";"1100010";"55100172";"ITC41";"SBI42";"36,6";""
"1101";"2015-09-30";"1100010";"55100041";"ITC4";"SBI42";"189315";""
"320";"2015-09-30";"1100010";"55100172";"ITC4";"SBI42";"79,47";""
"310";"2015-09-30";"1100010";"55100172";"ITC4";"SBI42";"71,06";""
"302";"2015-06-30";"1100010";"55100172";"ITC4";"SBI42";"45,97";""
"302";"2015-06-30";"1100010";"55100172";"IT";"SBI42";"47,91";""
"1101";"2015-06-30";"1100010";"55100041";"ITC4";"SBI42";"183656";""
"1101";"2015-06-30";"1100010";"55100033";"ITC41";"SBI42";"1943";""
"310";"2015-06-30";"1100010";"55100172";"IT";"SBI42";"71,81";""
"301";"2015-06-30";"1100010";"55100172";"ITC41";"SBI42";"27,91";""
"301";"2015-06-30";"1100010";"55100172";"ITC4";"SBI42";"35,47";""
"1101";"2015-06-30";"1100010";"55100041";"ITC41";"SBI42";"16038";""
"1101";"2015-06-30";"1100010";"55100033";"ITC4";"SBI42";"37764";""
"320";"2015-06-30";"1100010";"55100172";"ITC41";"SBI42";"69,38";""
"1101";"2015-06-30";"1100010";"55100041";"IT";"SBI42";"1188402";""
"310";"2015-06-30";"1100010";"55100172";"ITC41";"SBI42";"58,88";""
"320";"2015-06-30";"1100010";"55100172";"ITC4";"SBI42";"79,26";""
"1101";"2015-06-30";"1100010";"55100033";"IT";"SBI42";"180161";""
"310";"2015-06-30";"1100010";"55100172";"ITC4";"SBI42";"70,87";""
"301";"2015-06-30";"1100010";"55100172";"IT";"SBI42";"37,73";""
"302";"2015-06-30";"1100010";"55100172";"ITC41";"SBI42";"36,62";""
"320";"2015-06-30";"1100010";"55100172";"IT";"SBI42";"80,77";""
"320";"2015-03-31";"1100010";"55100172";"ITC4";"SBI42";"79,41";""
"1101";"2015-03-31";"1100010";"55100041";"IT";"SBI42";"1199039";""
"302";"2015-03-31";"1100010";"55100172";"IT";"SBI42";"48,54";""
"302";"2015-03-31";"1100010";"55100172";"ITC41";"SBI42";"36,68";""
"310";"2015-03-31";"1100010";"55100172";"ITC4";"SBI42";"71,13";""
"310";"2015-03-31";"1100010";"55100172";"ITC41";"SBI42";"58,83";""
"310";"2015-03-31";"1100010";"55100172";"IT";"SBI42";"72,17";""
"320";"2015-03-31";"1100010";"55100172";"IT";"SBI42";"81,11";""
"1101";"2015-03-31";"1100010";"55100033";"IT";"SBI42";"173700";""
"1101";"2015-03-31";"1100010";"55100041";"ITC4";"SBI42";"184567";""
"301";"2015-03-31";"1100010";"55100172";"ITC4";"SBI42";"35,99";""
"302";"2015-03-31";"1100010";"55100172";"ITC4";"SBI42";"46,54";""
"301";"2015-03-31";"1100010";"55100172";"IT";"SBI42";"38,35";""
"1101";"2015-03-31";"1100010";"55100041";"ITC41";"SBI42";"15975";""
"1101";"2015-03-31";"1100010";"55100033";"ITC41";"SBI42";"1894";""
"1101";"2015-03-31";"1100010";"55100033";"ITC4";"SBI42";"36571";""
"301";"2015-03-31";"1100010";"55100172";"ITC41";"SBI42";"27,9";""
"320";"2015-03-31";"1100010";"55100172";"ITC41";"SBI42";"69,36";""
"302";"2014-12-31";"1100010";"55100172";"ITC41";"SBI42";"36,88";""
"320";"2014-12-31";"1100010";"55100172";"IT";"SBI42";"81,08";""
"310";"2014-12-31";"1100010";"55100172";"ITC41";"SBI42";"58,92";""
"1101";"2014-12-31";"1100010";"55100033";"ITC41";"SBI42";"1882";""
"1101";"2014-12-31";"1100010";"55100033";"IT";"SBI42";"168947";""
"320";"2014-12-31";"1100010";"55100172";"ITC4";"SBI42";"79,41";""
"1101";"2014-12-31";"1100010";"55100041";"ITC4";"SBI42";"180140";""
"301";"2014-12-31";"1100010";"55100172";"ITC4";"SBI42";"36,3";""
"301";"2014-12-31";"1100010";"55100172";"IT";"SBI42";"38,54";""
"1101";"2014-12-31";"1100010";"55100041";"ITC41";"SBI42";"15680";""
"301";"2014-12-31";"1100010";"55100172";"ITC41";"SBI42";"28,29";""
"302";"2014-12-31";"1100010";"55100172";"IT";"SBI42";"48,68";""
"310";"2014-12-31";"1100010";"55100172";"ITC4";"SBI42";"71,17";""
"310";"2014-12-31";"1100010";"55100172";"IT";"SBI42";"72,17";""
"302";"2014-12-31";"1100010";"55100172";"ITC4";"SBI42";"46,81";""
"1101";"2014-12-31";"1100010";"55100033";"ITC4";"SBI42";"35668";""
"320";"2014-12-31";"1100010";"55100172";"ITC41";"SBI42";"69,39";""
"1101";"2014-12-31";"1100010";"55100041";"IT";"SBI42";"1166068";""
"1101";"2014-09-30";"1100010";"55100041";"ITC4";"SBI42";"188005";""
"310";"2014-09-30";"1100010";"55100172";"ITC4";"SBI42";"70,14";""
"320";"2014-09-30";"1100010";"55100172";"ITC41";"SBI42";"68,82";""
"1101";"2014-09-30";"1100010";"55100041";"IT";"SBI42";"1229555";""
"301";"2014-09-30";"1100010";"55100172";"ITC41";"SBI42";"27,99";""
"320";"2014-09-30";"1100010";"55100172";"ITC4";"SBI42";"78,4";""
"302";"2014-09-30";"1100010";"55100172";"ITC4";"SBI42";"46,4";""
"320";"2014-09-30";"1100010";"55100172";"IT";"SBI42";"80,19";""
"1101";"2014-09-30";"1100010";"55100033";"ITC41";"SBI42";"1860";""
"1101";"2014-09-30";"1100010";"55100041";"ITC41";"SBI42";"16677";""
"310";"2014-09-30";"1100010";"55100172";"ITC41";"SBI42";"58,27";""
"302";"2014-09-30";"1100010";"55100172";"ITC41";"SBI42";"36,7";""
"1101";"2014-09-30";"1100010";"55100033";"IT";"SBI42";"166018";""
"301";"2014-09-30";"1100010";"55100172";"ITC4";"SBI42";"35,93";""
"310";"2014-09-30";"1100010";"55100172";"IT";"SBI42";"71,17";""
"302";"2014-09-30";"1100010";"55100172";"IT";"SBI42";"48,21";""
"301";"2014-09-30";"1100010";"55100172";"IT";"SBI42";"38,32";""
"1101";"2014-09-30";"1100010";"55100033";"ITC4";"SBI42";"33736";""
"302";"2014-06-30";"1100010";"55100172";"ITC4";"SBI42";"46,75";""
"1101";"2014-06-30";"1100010";"55100041";"ITC4";"SBI42";"186394";""
"301";"2014-06-30";"1100010";"55100172";"IT";"SBI42";"38,67";""
"1101";"2014-06-30";"1100010";"55100041";"IT";"SBI42";"1214197";""
"1101";"2014-06-30";"1100010";"55100033";"IT";"SBI42";"162238";""
"1101";"2014-06-30";"1100010";"55100033";"ITC41";"SBI42";"1838";""
"320";"2014-06-30";"1100010";"55100172";"IT";"SBI42";"80,16";""
"302";"2014-06-30";"1100010";"55100172";"ITC41";"SBI42";"36,62";""
"1101";"2014-06-30";"1100010";"55100041";"ITC41";"SBI42";"16495";""
"301";"2014-06-30";"1100010";"55100172";"ITC4";"SBI42";"36,32";""
"301";"2014-06-30";"1100010";"55100172";"ITC41";"SBI42";"27,83";""
"310";"2014-06-30";"1100010";"55100172";"ITC4";"SBI42";"70,23";""
"320";"2014-06-30";"1100010";"55100172";"ITC41";"SBI42";"68,75";""
"310";"2014-06-30";"1100010";"55100172";"IT";"SBI42";"71,17";""
"320";"2014-06-30";"1100010";"55100172";"ITC4";"SBI42";"78,4";""
"1101";"2014-06-30";"1100010";"55100033";"ITC4";"SBI42";"33432";""
"310";"2014-06-30";"1100010";"55100172";"ITC41";"SBI42";"58,21";""
"302";"2014-06-30";"1100010";"55100172";"IT";"SBI42";"48,48";""
"302";"2014-03-31";"1100010";"55100172";"IT";"SBI42";"48,47";""
"302";"2014-03-31";"1100010";"55100172";"ITC4";"SBI42";"46,67";""
"301";"2014-03-31";"1100010";"55100172";"IT";"SBI42";"38,72";""
"1101";"2014-03-31";"1100010";"55100033";"ITC4";"SBI42";"32248";""
"1101";"2014-03-31";"1100010";"55100041";"ITC41";"SBI42";"16159";""
"1101";"2014-03-31";"1100010";"55100041";"IT";"SBI42";"1190064";""
"310";"2014-03-31";"1100010";"55100172";"IT";"SBI42";"70,92";""
"302";"2014-03-31";"1100010";"55100172";"ITC41";"SBI42";"36,02";""
"1101";"2014-03-31";"1100010";"55100033";"ITC41";"SBI42";"1789";""
"301";"2014-03-31";"1100010";"55100172";"ITC41";"SBI42";"27,45";""
"1101";"2014-03-31";"1100010";"55100033";"IT";"SBI42";"156698";""
"310";"2014-03-31";"1100010";"55100172";"ITC4";"SBI42";"69,97";""
"320";"2014-03-31";"1100010";"55100172";"ITC4";"SBI42";"78,13";""
"1101";"2014-03-31";"1100010";"55100041";"ITC4";"SBI42";"181375";""
"320";"2014-03-31";"1100010";"55100172";"ITC41";"SBI42";"68,25";""
"301";"2014-03-31";"1100010";"55100172";"ITC4";"SBI42";"36,34";""
"320";"2014-03-31";"1100010";"55100172";"IT";"SBI42";"79,9";""
"310";"2014-03-31";"1100010";"55100172";"ITC41";"SBI42";"57,65";""
"1101";"2013-12-31";"1100010";"55100033";"ITC4";"SBI42";"30332";""
"301";"2013-12-31";"1100010";"55100172";"ITC4";"SBI42";"36,2";""
"302";"2013-12-31";"1100010";"55100172";"IT";"SBI42";"48,55";""
"310";"2013-12-31";"1100010";"55100172";"ITC4";"SBI42";"69,32";""
"302";"2013-12-31";"1100010";"55100172";"ITC41";"SBI42";"36,55";""
"1101";"2013-12-31";"1100010";"55100041";"ITC4";"SBI42";"183809";""
"1101";"2013-12-31";"1100010";"55100033";"ITC41";"SBI42";"1753";""
"302";"2013-12-31";"1100010";"55100172";"ITC4";"SBI42";"46,45";""
"301";"2013-12-31";"1100010";"55100172";"ITC41";"SBI42";"28,36";""
"1101";"2013-12-31";"1100010";"55100041";"ITC41";"SBI42";"16276";""
"301";"2013-12-31";"1100010";"55100172";"IT";"SBI42";"38,91";""
"1101";"2013-12-31";"1100010";"55100041";"IT";"SBI42";"1224438";""
"1101";"2013-12-31";"1100010";"55100033";"IT";"SBI42";"148890";""
"320";"2013-12-31";"1100010";"55100172";"ITC4";"SBI42";"77,57";""
"310";"2013-12-31";"1100010";"55100172";"ITC41";"SBI42";"57,46";""
"320";"2013-12-31";"1100010";"55100172";"IT";"SBI42";"79,73";""
"320";"2013-12-31";"1100010";"55100172";"ITC41";"SBI42";"68,13";""
"310";"2013-12-31";"1100010";"55100172";"IT";"SBI42";"70,64";""
"1101";"2013-09-30";"1100010";"55100033";"ITC4";"SBI42";"28273";""
"320";"2013-09-30";"1100010";"55100172";"ITC41";"SBI42";"67,64";""
"1101";"2013-09-30";"1100010";"55100041";"ITC4";"SBI42";"180504";""
"1101";"2013-09-30";"1100010";"55100033";"IT";"SBI42";"138890";""
"301";"2013-09-30";"1100010";"55100172";"ITC41";"SBI42";"27,78";""
"302";"2013-09-30";"1100010";"55100172";"IT";"SBI42";"48,04";""
"1101";"2013-09-30";"1100010";"55100041";"IT";"SBI42";"1204601";""
"302";"2013-09-30";"1100010";"55100172";"ITC4";"SBI42";"46,07";""
"301";"2013-09-30";"1100010";"55100172";"IT";"SBI42";"38,44";""
"301";"2013-09-30";"1100010";"55100172";"ITC4";"SBI42";"35,9";""
"302";"2013-09-30";"1100010";"55100172";"ITC41";"SBI42";"35,89";""
"320";"2013-09-30";"1100010";"55100172";"IT";"SBI42";"79,29";""
"310";"2013-09-30";"1100010";"55100172";"ITC41";"SBI42";"56,83";""
"1101";"2013-09-30";"1100010";"55100033";"ITC41";"SBI42";"1669";""
"1101";"2013-09-30";"1100010";"55100041";"ITC41";"SBI42";"16108";""
"320";"2013-09-30";"1100010";"55100172";"ITC4";"SBI42";"76,99";""
"310";"2013-09-30";"1100010";"55100172";"IT";"SBI42";"70,06";""
"310";"2013-09-30";"1100010";"55100172";"ITC4";"SBI42";"68,68";""
"1101";"2013-06-30";"1100010";"55100041";"ITC4";"SBI42";"175135";""
"1101";"2013-06-30";"1100010";"55100033";"ITC4";"SBI42";"27086";""
"302";"2013-06-30";"1100010";"55100172";"ITC4";"SBI42";"45,96";""
"310";"2013-06-30";"1100010";"55100172";"IT";"SBI42";"69,57";""
"320";"2013-06-30";"1100010";"55100172";"ITC4";"SBI42";"76,59";""
"1101";"2013-06-30";"1100010";"55100041";"IT";"SBI42";"1166203";""
"302";"2013-06-30";"1100010";"55100172";"ITC41";"SBI42";"35,59";""
"310";"2013-06-30";"1100010";"55100172";"ITC41";"SBI42";"56,02";""
"302";"2013-06-30";"1100010";"55100172";"IT";"SBI42";"47,63";""
"1101";"2013-06-30";"1100010";"55100041";"ITC41";"SBI42";"15810";""
"320";"2013-06-30";"1100010";"55100172";"IT";"SBI42";"78,88";""
"301";"2013-06-30";"1100010";"55100172";"IT";"SBI42";"38,14";""
"320";"2013-06-30";"1100010";"55100172";"ITC41";"SBI42";"66,92";""
"1101";"2013-06-30";"1100010";"55100033";"ITC41";"SBI42";"1610";""
"1101";"2013-06-30";"1100010";"55100033";"IT";"SBI42";"132871";""
"301";"2013-06-30";"1100010";"55100172";"ITC4";"SBI42";"35,92";""
"301";"2013-06-30";"1100010";"55100172";"ITC41";"SBI42";"27,82";""
"310";"2013-06-30";"1100010";"55100172";"ITC4";"SBI42";"68,25";""
"310";"2013-03-31";"1100010";"55100172";"ITC41";"SBI42";"55,74";""
"310";"2013-03-31";"1100010";"55100172";"IT";"SBI42";"68,96";""
"302";"2013-03-31";"1100010";"55100172";"ITC4";"SBI42";"45,3";""
"1101";"2013-03-31";"1100010";"55100033";"ITC41";"SBI42";"1561";""
"1101";"2013-03-31";"1100010";"55100033";"ITC4";"SBI42";"25575";""
"1101";"2013-03-31";"1100010";"55100041";"IT";"SBI42";"1144408";""
"320";"2013-03-31";"1100010";"55100172";"ITC4";"SBI42";"75,88";""
"320";"2013-03-31";"1100010";"55100172";"ITC41";"SBI42";"66,62";""
"302";"2013-03-31";"1100010";"55100172";"IT";"SBI42";"47,09";""
"320";"2013-03-31";"1100010";"55100172";"IT";"SBI42";"78,42";""
"301";"2013-03-31";"1100010";"55100172";"IT";"SBI42";"37,69";""
"302";"2013-03-31";"1100010";"55100172";"ITC41";"SBI42";"35,79";""
"1101";"2013-03-31";"1100010";"55100033";"IT";"SBI42";"125833";""
"1101";"2013-03-31";"1100010";"55100041";"ITC41";"SBI42";"15463";""
"310";"2013-03-31";"1100010";"55100172";"ITC4";"SBI42";"67,44";""
"301";"2013-03-31";"1100010";"55100172";"ITC41";"SBI42";"28,1";""
"1101";"2013-03-31";"1100010";"55100041";"ITC4";"SBI42";"170904";""
"301";"2013-03-31";"1100010";"55100172";"ITC4";"SBI42";"35,31";""
"1101";"2012-12-31";"1100010";"55100033";"ITC4";"SBI42";"24304";""
"1101";"2012-12-31";"1100010";"55100041";"ITC41";"SBI42";"15121";""
"301";"2012-12-31";"1100010";"55100172";"ITC41";"SBI42";"27,72";""
"302";"2012-12-31";"1100010";"55100172";"ITC41";"SBI42";"35,55";""
"320";"2012-12-31";"1100010";"55100172";"IT";"SBI42";"78,28";""
"302";"2012-12-31";"1100010";"55100172";"IT";"SBI42";"46,74";""
"1101";"2012-12-31";"1100010";"55100041";"ITC4";"SBI42";"167153";""
"320";"2012-12-31";"1100010";"55100172";"ITC4";"SBI42";"75,42";""
"302";"2012-12-31";"1100010";"55100172";"ITC4";"SBI42";"44,87";""
"320";"2012-12-31";"1100010";"55100172";"ITC41";"SBI42";"66,6";""
"1101";"2012-12-31";"1100010";"55100033";"ITC41";"SBI42";"1521";""
"310";"2012-12-31";"1100010";"55100172";"ITC41";"SBI42";"55,67";""
"301";"2012-12-31";"1100010";"55100172";"IT";"SBI42";"37,34";""
"1101";"2012-12-31";"1100010";"55100041";"IT";"SBI42";"1119376";""
"310";"2012-12-31";"1100010";"55100172";"ITC4";"SBI42";"66,86";""
"310";"2012-12-31";"1100010";"55100172";"IT";"SBI42";"68,73";""
"1101";"2012-12-31";"1100010";"55100033";"IT";"SBI42";"120953";""
"301";"2012-12-31";"1100010";"55100172";"ITC4";"SBI42";"35,05";""
"1101";"2012-09-30";"1100010";"55100033";"ITC41";"SBI42";"1450";""
"301";"2012-09-30";"1100010";"55100172";"ITC41";"SBI42";"28";""
"320";"2012-09-30";"1100010";"55100172";"ITC41";"SBI42";"66,17";""
"1101";"2012-09-30";"1100010";"55100033";"IT";"SBI42";"114917";""
"310";"2012-09-30";"1100010";"55100172";"ITC41";"SBI42";"55,27";""
"1101";"2012-09-30";"1100010";"55100041";"ITC4";"SBI42";"161548";""
"310";"2012-09-30";"1100010";"55100172";"IT";"SBI42";"68,82";""
"310";"2012-09-30";"1100010";"55100172";"ITC4";"SBI42";"66,86";""
"1101";"2012-09-30";"1100010";"55100041";"IT";"SBI42";"1081782";""
"302";"2012-09-30";"1100010";"55100172";"IT";"SBI42";"47,01";""
"1101";"2012-09-30";"1100010";"55100041";"ITC41";"SBI42";"14683";""
"301";"2012-09-30";"1100010";"55100172";"ITC4";"SBI42";"35,54";""
"302";"2012-09-30";"1100010";"55100172";"ITC4";"SBI42";"45,2";""
"320";"2012-09-30";"1100010";"55100172";"IT";"SBI42";"78,29";""
"320";"2012-09-30";"1100010";"55100172";"ITC4";"SBI42";"75,35";""
"1101";"2012-09-30";"1100010";"55100033";"ITC4";"SBI42";"23064";""
"302";"2012-09-30";"1100010";"55100172";"ITC41";"SBI42";"35,54";""
"301";"2012-09-30";"1100010";"55100172";"IT";"SBI42";"37,64";""
"302";"2012-06-30";"1100010";"55100172";"IT";"SBI42";"47,14";""
"1101";"2012-06-30";"1100010";"55100041";"ITC41";"SBI42";"14350";""
"310";"2012-06-30";"1100010";"55100172";"ITC4";"SBI42";"66,87";""
"320";"2012-06-30";"1100010";"55100172";"ITC41";"SBI42";"66,41";""
"302";"2012-06-30";"1100010";"55100172";"ITC4";"SBI42";"45,27";""
"320";"2012-06-30";"1100010";"55100172";"IT";"SBI42";"78,34";""
"1101";"2012-06-30";"1100010";"55100033";"ITC41";"SBI42";"1389";""
"1101";"2012-06-30";"1100010";"55100033";"IT";"SBI42";"110447";""
"320";"2012-06-30";"1100010";"55100172";"ITC4";"SBI42";"75,41";""
"301";"2012-06-30";"1100010";"55100172";"ITC4";"SBI42";"35,56";""
"1101";"2012-06-30";"1100010";"55100033";"ITC4";"SBI42";"21877";""
"310";"2012-06-30";"1100010";"55100172";"ITC41";"SBI42";"55,43";""
"302";"2012-06-30";"1100010";"55100172";"ITC41";"SBI42";"35,59";""
"1101";"2012-06-30";"1100010";"55100041";"ITC4";"SBI42";"156953";""
"310";"2012-06-30";"1100010";"55100172";"IT";"SBI42";"68,85";""
"301";"2012-06-30";"1100010";"55100172";"IT";"SBI42";"37,81";""
"1101";"2012-06-30";"1100010";"55100041";"IT";"SBI42";"1058677";""
"301";"2012-06-30";"1100010";"55100172";"ITC41";"SBI42";"28,1";""
"310";"2012-03-31";"1100010";"55100172";"ITC41";"SBI42";"55,13";""
"302";"2012-03-31";"1100010";"55100172";"ITC41";"SBI42";"35";""
"310";"2012-03-31";"1100010";"55100172";"IT";"SBI42";"68,37";""
"301";"2012-03-31";"1100010";"55100172";"ITC41";"SBI42";"27,43";""
"1101";"2012-03-31";"1100010";"55100033";"ITC41";"SBI42";"1329";""
"1101";"2012-03-31";"1100010";"55100041";"ITC41";"SBI42";"13850";""
"302";"2012-03-31";"1100010";"55100172";"IT";"SBI42";"46,63";""
"1101";"2012-03-31";"1100010";"55100041";"IT";"SBI42";"1028428";""
"302";"2012-03-31";"1100010";"55100172";"ITC4";"SBI42";"45,05";""
"320";"2012-03-31";"1100010";"55100172";"IT";"SBI42";"77,99";""
"301";"2012-03-31";"1100010";"55100172";"IT";"SBI42";"37,35";""
"320";"2012-03-31";"1100010";"55100172";"ITC4";"SBI42";"75,22";""
"1101";"2012-03-31";"1100010";"55100033";"ITC4";"SBI42";"20725";""
"310";"2012-03-31";"1100010";"55100172";"ITC4";"SBI42";"66,61";""
"320";"2012-03-31";"1100010";"55100172";"ITC41";"SBI42";"66,2";""
"301";"2012-03-31";"1100010";"55100172";"ITC4";"SBI42";"35,45";""
"1101";"2012-03-31";"1100010";"55100041";"ITC4";"SBI42";"151096";""
"1101";"2012-03-31";"1100010";"55100033";"IT";"SBI42";"104737";""
"302";"2011-12-31";"1100010";"55100172";"ITC4";"SBI42";"45,55";""
"302";"2011-12-31";"1100010";"55100172";"IT";"SBI42";"47,05";""
"1101";"2011-12-31";"1100010";"55100033";"IT";"SBI42";"104187";""
"302";"2011-12-31";"1100010";"55100172";"ITC41";"SBI42";"36,59";""
"1101";"2011-12-31";"1100010";"55100033";"ITC41";"SBI42";"1336";""
"301";"2011-12-31";"1100010";"55100172";"IT";"SBI42";"37,81";""
"1101";"2011-12-31";"1100010";"55100041";"ITC41";"SBI42";"13949";""
"1101";"2011-12-31";"1100010";"55100041";"IT";"SBI42";"1064422";""
"320";"2011-12-31";"1100010";"55100172";"ITC4";"SBI42";"75,83";""
"320";"2011-12-31";"1100010";"55100172";"IT";"SBI42";"78,31";""
"310";"2011-12-31";"1100010";"55100172";"ITC41";"SBI42";"56,64";""
"1101";"2011-12-31";"1100010";"55100033";"ITC4";"SBI42";"20488";""
"301";"2011-12-31";"1100010";"55100172";"ITC41";"SBI42";"28,87";""
"310";"2011-12-31";"1100010";"55100172";"IT";"SBI42";"68,66";""
"310";"2011-12-31";"1100010";"55100172";"ITC4";"SBI42";"67,18";""
"1101";"2011-12-31";"1100010";"55100041";"ITC4";"SBI42";"153479";""
"301";"2011-12-31";"1100010";"55100172";"ITC4";"SBI42";"35,85";""
"320";"2011-12-31";"1100010";"55100172";"ITC41";"SBI42";"67,63";""
"302";"2011-09-30";"1100010";"55100172";"ITC4";"SBI42";"46,14";""
"301";"2011-09-30";"1100010";"55100172";"IT";"SBI42";"37,93";""
"301";"2011-09-30";"1100010";"55100172";"ITC4";"SBI42";"36,4";""
"310";"2011-09-30";"1100010";"55100172";"ITC4";"SBI42";"67,43";""
"1101";"2011-09-30";"1100010";"55100033";"ITC4";"SBI42";"19588";""
"1101";"2011-09-30";"1100010";"55100041";"ITC41";"SBI42";"13573";""
"302";"2011-09-30";"1100010";"55100172";"ITC41";"SBI42";"37,72";""
"320";"2011-09-30";"1100010";"55100172";"ITC4";"SBI42";"76,02";""
"301";"2011-09-30";"1100010";"55100172";"ITC41";"SBI42";"30,15";""
"1101";"2011-09-30";"1100010";"55100033";"ITC41";"SBI42";"1301";""
"320";"2011-09-30";"1100010";"55100172";"ITC41";"SBI42";"68,33";""
"1101";"2011-09-30";"1100010";"55100033";"IT";"SBI42";"99366";""
"302";"2011-09-30";"1100010";"55100172";"IT";"SBI42";"47,12";""
"1101";"2011-09-30";"1100010";"55100041";"IT";"SBI42";"1044902";""
"310";"2011-09-30";"1100010";"55100172";"IT";"SBI42";"68,63";""
"320";"2011-09-30";"1100010";"55100172";"IT";"SBI42";"78,33";""
"310";"2011-09-30";"1100010";"55100172";"ITC41";"SBI42";"57,54";""
"1101";"2011-09-30";"1100010";"55100041";"ITC4";"SBI42";"148948";""
"1101";"2011-06-30";"1100010";"55100041";"IT";"SBI42";"1015106";""
"310";"2011-06-30";"1100010";"55100172";"ITC4";"SBI42";"67,51";""
"302";"2011-06-30";"1100010";"55100172";"ITC41";"SBI42";"37,95";""
"1101";"2011-06-30";"1100010";"55100041";"ITC4";"SBI42";"144029";""
"320";"2011-06-30";"1100010";"55100172";"ITC4";"SBI42";"76,14";""
"310";"2011-06-30";"1100010";"55100172";"ITC41";"SBI42";"57,69";""
"320";"2011-06-30";"1100010";"55100172";"IT";"SBI42";"78,32";""
"302";"2011-06-30";"1100010";"55100172";"IT";"SBI42";"47,11";""
"320";"2011-06-30";"1100010";"55100172";"ITC41";"SBI42";"68,54";""
"301";"2011-06-30";"1100010";"55100172";"ITC4";"SBI42";"36,5";""
"301";"2011-06-30";"1100010";"55100172";"ITC41";"SBI42";"30,38";""
"1101";"2011-06-30";"1100010";"55100033";"ITC41";"SBI42";"1258";""
"1101";"2011-06-30";"1100010";"55100033";"ITC4";"SBI42";"18744";""
"302";"2011-06-30";"1100010";"55100172";"ITC4";"SBI42";"46,26";""
"310";"2011-06-30";"1100010";"55100172";"IT";"SBI42";"68,57";""
"301";"2011-06-30";"1100010";"55100172";"IT";"SBI42";"37,98";""
"1101";"2011-06-30";"1100010";"55100033";"IT";"SBI42";"95245";""
"1101";"2011-06-30";"1100010";"55100041";"ITC41";"SBI42";"13154";""
"302";"2011-03-31";"1100010";"55100172";"ITC4";"SBI42";"46,84";""
"301";"2011-03-31";"1100010";"55100172";"ITC41";"SBI42";"30,73";""
"1101";"2011-03-31";"1100010";"55100033";"ITC4";"SBI42";"16580";""
"301";"2011-03-31";"1100010";"55100172";"IT";"SBI42";"37,86";""
"320";"2011-03-31";"1100010";"55100172";"ITC4";"SBI42";"76,75";""
"301";"2011-03-31";"1100010";"55100172";"ITC4";"SBI42";"37,03";""
"302";"2011-03-31";"1100010";"55100172";"ITC41";"SBI42";"38,3";""
"310";"2011-03-31";"1100010";"55100172";"IT";"SBI42";"68,72";""
"320";"2011-03-31";"1100010";"55100172";"IT";"SBI42";"78,64";""
"1101";"2011-03-31";"1100010";"55100041";"ITC4";"SBI42";"131487";""
"320";"2011-03-31";"1100010";"55100172";"ITC41";"SBI42";"69,35";""
"1101";"2011-03-31";"1100010";"55100033";"IT";"SBI42";"79718";""
"1101";"2011-03-31";"1100010";"55100033";"ITC41";"SBI42";"1125";""
"302";"2011-03-31";"1100010";"55100172";"IT";"SBI42";"47,03";""
"1101";"2011-03-31";"1100010";"55100041";"ITC41";"SBI42";"12045";""
"310";"2011-03-31";"1100010";"55100172";"ITC4";"SBI42";"68,04";""
"1101";"2011-03-31";"1100010";"55100041";"IT";"SBI42";"885243";""
"310";"2011-03-31";"1100010";"55100172";"ITC41";"SBI42";"58,34";""
"301";"2010-12-31";"1100010";"55100172";"ITC41";"SBI42";"30,93";""
"302";"2010-12-31";"1100010";"55100172";"ITC41";"SBI42";"38,45";""
"1101";"2010-12-31";"1100010";"55100041";"ITC4";"SBI42";"127503";""
"1101";"2010-12-31";"1100010";"55100033";"ITC4";"SBI42";"15502";""
"1101";"2010-12-31";"1100010";"55100033";"IT";"SBI42";"75796";""
"1101";"2010-12-31";"1100010";"55100041";"IT";"SBI42";"865975";""
"1101";"2010-12-31";"1100010";"55100041";"ITC41";"SBI42";"11680";""
"310";"2010-12-31";"1100010";"55100172";"IT";"SBI42";"68,68";""
"310";"2010-12-31";"1100010";"55100172";"ITC41";"SBI42";"58,71";""
"301";"2010-12-31";"1100010";"55100172";"ITC4";"SBI42";"36,66";""
"1101";"2010-12-31";"1100010";"55100033";"ITC41";"SBI42";"1067";""
"302";"2010-12-31";"1100010";"55100172";"ITC4";"SBI42";"46,56";""
"320";"2010-12-31";"1100010";"55100172";"ITC41";"SBI42";"69,79";""
"302";"2010-12-31";"1100010";"55100172";"IT";"SBI42";"46,96";""
"301";"2010-12-31";"1100010";"55100172";"IT";"SBI42";"37,8";""
"320";"2010-12-31";"1100010";"55100172";"ITC4";"SBI42";"76,73";""
"320";"2010-12-31";"1100010";"55100172";"IT";"SBI42";"78,69";""
"310";"2010-12-31";"1100010";"55100172";"ITC4";"SBI42";"67,85";""
"302";"2010-09-30";"1100010";"55100172";"IT";"SBI42";"47,24";""
"301";"2010-09-30";"1100010";"55100172";"ITC41";"SBI42";"31,53";""
"301";"2010-09-30";"1100010";"55100172";"IT";"SBI42";"38,14";""
"320";"2010-09-30";"1100010";"55100172";"ITC4";"SBI42";"76,61";""
"310";"2010-09-30";"1100010";"55100172";"ITC41";"SBI42";"59,2";""
"301";"2010-09-30";"1100010";"55100172";"ITC4";"SBI42";"37";""
"1101";"2010-09-30";"1100010";"55100041";"IT";"SBI42";"839370";""
"310";"2010-09-30";"1100010";"55100172";"IT";"SBI42";"68,81";""
"1101";"2010-09-30";"1100010";"55100033";"ITC41";"SBI42";"1015";""
"302";"2010-09-30";"1100010";"55100172";"ITC41";"SBI42";"39,12";""
"320";"2010-09-30";"1100010";"55100172";"IT";"SBI42";"78,84";""
"320";"2010-09-30";"1100010";"55100172";"ITC41";"SBI42";"70,19";""
"302";"2010-09-30";"1100010";"55100172";"ITC4";"SBI42";"46,79";""
"1101";"2010-09-30";"1100010";"55100033";"IT";"SBI42";"71069";""
"1101";"2010-09-30";"1100010";"55100033";"ITC4";"SBI42";"14387";""
"1101";"2010-09-30";"1100010";"55100041";"ITC41";"SBI42";"11247";""
"1101";"2010-09-30";"1100010";"55100041";"ITC4";"SBI42";"122461";""
"310";"2010-09-30";"1100010";"55100172";"ITC4";"SBI42";"67,69";""
"302";"2010-06-30";"1100010";"55100172";"IT";"SBI42";"47,12";""
"320";"2010-06-30";"1100010";"55100172";"IT";"SBI42";"78,77";""
"320";"2010-06-30";"1100010";"55100172";"ITC4";"SBI42";"76,76";""
"301";"2010-06-30";"1100010";"55100172";"ITC41";"SBI42";"30,77";""
"320";"2010-06-30";"1100010";"55100172";"ITC41";"SBI42";"70,14";""
"1101";"2010-06-30";"1100010";"55100041";"ITC41";"SBI42";"10706";""
"302";"2010-06-30";"1100010";"55100172";"ITC4";"SBI42";"47,19";""
"301";"2010-06-30";"1100010";"55100172";"ITC4";"SBI42";"37,57";""
"310";"2010-06-30";"1100010";"55100172";"ITC4";"SBI42";"67,84";""
"302";"2010-06-30";"1100010";"55100172";"ITC41";"SBI42";"38,65";""
"1101";"2010-06-30";"1100010";"55100033";"ITC4";"SBI42";"13518";""
"310";"2010-06-30";"1100010";"55100172";"IT";"SBI42";"68,69";""
"1101";"2010-06-30";"1100010";"55100041";"IT";"SBI42";"800457";""
"1101";"2010-06-30";"1100010";"55100041";"ITC4";"SBI42";"115944";""
"301";"2010-06-30";"1100010";"55100172";"IT";"SBI42";"38,11";""
"310";"2010-06-30";"1100010";"55100172";"ITC41";"SBI42";"59,06";""
"1101";"2010-06-30";"1100010";"55100033";"ITC41";"SBI42";"962";""
"1101";"2010-06-30";"1100010";"55100033";"IT";"SBI42";"66967";""
