"DATA_OSS";"SDP_LOCATM.A.1100010.1700802.IT";"SDP_LOCATM.A.1100010.1700802.ITC4";"SDP_LOCATM.A.1100010.1700802.ITC41";"SDP_LOCATM.A.1100010.1700808.IT";"SDP_LOCATM.A.1100010.1700808.ITC4";"SDP_LOCATM.A.1100010.1700808.ITC41";"SDP_LOCATM.A.1110060.1700808.IT";"SDP_LOCATM.A.1110060.1700808.ITC4";"SDP_LOCATM.A.1110060.1700808.ITC41";"SDP_LOCATM.A.7010001.1700808.IT";"SDP_LOCATM.A.7010001.1700808.ITC4";"SDP_LOCATM.A.7010001.1700808.ITC41";"SDP_LOCATM.A.7010005.1700808.IT";"SDP_LOCATM.A.7010005.1700808.ITC4";"SDP_LOCATM.A.7010005.1700808.ITC41";"SDP_LOCATM.A.7010010.1700808.IT";"SDP_LOCATM.A.7010010.1700808.ITC4";"SDP_LOCATM.A.7010010.1700808.ITC41"
"2024/12/31";"36324";"6647";"493";"";"";"";"";"";"";"";"";"";"";"";"";"3327442";"608987";"50134"
"2023/12/31";"37866";"7184";"519";"";"";"";"";"";"";"";"";"";"";"";"";"3264981";"578282";"46877"
"2022/12/31";"38556";"7814";"536";"";"";"";"";"";"";"";"";"";"";"";"";"3068557";"527216";"40092"
"2021/12/31";"37389";"7520";"478";"";"";"";"";"";"";"";"";"";"";"";"";"3882665";"699793";"50287"
"2020/12/31";"38835";"7858";"501";"";"";"";"";"";"";"";"";"";"";"";"";"3694569";"681100";"51029"
"2019/12/31";"39505";"7938";"507";"";"";"";"";"";"";"";"";"";"";"";"";"3589349";"671776";"60764"
"2018/12/31";"40396";"8191";"536";"";"";"";"";"";"";"";"";"";"";"";"";"3170837";"536970";"46186"
"2017/12/31";"41284";"8041";"550";"";"";"";"";"";"";"";"";"";"";"";"";"2400620";"409698";"42055"
"2016/12/31";"42024";"8005";"562";"";"";"";"";"";"";"";"";"";"";"";"";"2093959";"361310";"36924"
"2015/12/31";"43363";"8290";"565";"";"";"";"";"";"";"1926070";"327349";"32679";"";"";"";"";"";""
"2014/12/31";"41018";"7741";"507";"";"";"";"";"";"";"1796252";"302094";"28077";"";"";"";"";"";""
"2013/12/31";"42921";"7902";"540";"";"";"";"";"";"";"1521563";"266644";"24140";"";"";"";"";"";""
"2012/12/31";"43912";"8160";"568";"";"";"";"";"";"";"";"";"";"1460836";"256527";"22768";"";"";""
"2011/12/31";"44365";"8212";"590";"";"";"";"";"";"";"";"";"";"1496852";"278310";"24946";"";"";""
"2010/12/31";"45104";"8207";"574";"";"";"";"1483426";"263816";"22526";"";"";"";"";"";"";"";"";""
"2009/12/31";"48549";"8797";"570";"";"";"";"1401210";"250032";"20729";"";"";"";"";"";"";"";"";""
"2008/12/31";"47534";"8730";"588";"";"";"";"1304565";"234101";"18919";"";"";"";"";"";"";"";"";""
"2007/12/31";"43840";"8110";"527";"";"";"";"1179399";"204643";"16731";"";"";"";"";"";"";"";"";""
"2006/12/31";"40068";"7724";"514";"";"";"";"1132129";"192443";"15471";"";"";"";"";"";"";"";"";""
"2005/12/31";"37539";"7302";"491";"";"";"";"1009843";"169319";"13156";"";"";"";"";"";"";"";"";""
"2004/12/31";"36775";"7250";"481";"";"";"";"975482";"162253";"13372";"";"";"";"";"";"";"";"";""
"2003/12/31";"36731";"7313";"484";"895555";"152720";"12903";"";"";"";"";"";"";"";"";"";"";"";""
"2002/12/31";"36445";"7699";"497";"820326";"148883";"11150";"";"";"";"";"";"";"";"";"";"";"";""
"2001/12/31";"34354";"6955";"491";"748058";"130036";"9837";"";"";"";"";"";"";"";"";"";"";"";""
"2000/12/31";"31870";"6498";"458";"572130";"111144";"8765";"";"";"";"";"";"";"";"";"";"";"";""
"1999/12/31";"30858";"6368";"478";"444548";"90094";"5285";"";"";"";"";"";"";"";"";"";"";"";""
"1998/12/31";"28042";"5839";"418";"345580";"65988";"4399";"";"";"";"";"";"";"";"";"";"";"";""
"1997/12/31";"25546";"5400";"385";"275509";"56000";"3700";"";"";"";"";"";"";"";"";"";"";"";""
